Date,Narration,Withdrawal,Deposit
01-07-2025,NEFT: ACME CORP SALARY,0.0,250000.0
01-07-2025,UPI/POS: AMAZON,1475.64,0.0
01-07-2025,UPI/POS: BLINKIT,278.67,0.0
01-07-2025,NEFT: ACME CORP SALARY,0.0,250000.0
01-07-2025,UPI/POS: UPI: AMIT SPLITWISE,1593.14,0.0
02-07-2025,UPI/POS: ZEPTO,207.61,0.0
02-07-2025,UPI: LANDLORD RENT,35000.0,0.0
02-07-2025,UPI/POS: ZEPTO,335.38,0.0
02-07-2025,UPI/POS: SWIGGY,203.95,0.0
02-07-2025,UPI/POS: UPI: KIRANA,99.27,0.0
02-07-2025,UPI: LANDLORD RENT,35000.0,0.0
02-07-2025,UPI/POS: AMAZON,1422.25,0.0
03-07-2025,UPI/POS: UPI: TEA STALL,26.09,0.0
03-07-2025,UPI/POS: NAMMA METRO,56.87,0.0
03-07-2025,UPI/POS: AMAZON,321.32,0.0
03-07-2025,UPI/POS: STARBUCKS,274.16,0.0
03-07-2025,UPI/POS: UBER,229.85,0.0
04-07-2025,UPI/POS: STARBUCKS,336.42,0.0
04-07-2025,UPI/POS: AMAZON,1316.49,0.0
04-07-2025,UPI/POS: UPI: TEA STALL,19.55,0.0
04-07-2025,UPI/POS: AMAZON,1198.44,0.0
05-07-2025,UPI/POS: SWIGGY,291.85,0.0
05-07-2025,UPI/POS: UPI: TEA STALL,21.19,0.0
05-07-2025,UPI/POS: UPI: KIRANA,36.04,0.0
05-07-2025,ACH: HDFC AUTO LOAN,15000.0,0.0
05-07-2025,ACH: HDFC AUTO LOAN,15000.0,0.0
06-07-2025,UPI/POS: OLA CABS,212.73,0.0
06-07-2025,UPI/POS: ZOMATO,220.4,0.0
06-07-2025,UPI/POS: AMAZON,836.43,0.0
07-07-2025,UPI/POS: STARBUCKS,386.31,0.0
07-07-2025,UPI/POS: OLA CABS,105.04,0.0
07-07-2025,UPI/POS: UPI: KIRANA,56.54,0.0
07-07-2025,UPI/POS: STARBUCKS,345.17,0.0
07-07-2025,UPI/POS: UBER,157.25,0.0
07-07-2025,UPI/POS: STARBUCKS,278.96,0.0
07-07-2025,UPI/POS: NAMMA METRO,37.31,0.0
08-07-2025,UPI/POS: AMAZON,971.66,0.0
08-07-2025,UPI/POS: UPI: TEA STALL,25.53,0.0
08-07-2025,UPI/POS: NAMMA METRO,35.76,0.0
08-07-2025,UPI/POS: UPI: AUTO,81.27,0.0
08-07-2025,UPI/POS: OLA CABS,263.08,0.0
09-07-2025,UPI/POS: UPI: TEA STALL,24.5,0.0
09-07-2025,UPI/POS: ZEPTO,307.68,0.0
09-07-2025,UPI/POS: UPI: AUTO,97.22,0.0
09-07-2025,UPI/POS: SWIGGY,305.59,0.0
09-07-2025,UPI/POS: UBER,324.71,0.0
09-07-2025,UPI/POS: UPI: AUTO,42.32,0.0
09-07-2025,UPI/POS: STARBUCKS,369.19,0.0
10-07-2025,POS: NETFLIX,649.0,0.0
10-07-2025,POS: SPOTIFY,119.0,0.0
10-07-2025,POS: SPOTIFY,119.0,0.0
10-07-2025,BBPS: AIRTEL WIFI,1180.0,0.0
10-07-2025,POS: NETFLIX,649.0,0.0
10-07-2025,UPI/POS: ZEPTO,243.27,0.0
10-07-2025,BBPS: AIRTEL WIFI,1180.0,0.0
10-07-2025,UPI/POS: STARBUCKS,373.54,0.0
10-07-2025,UPI/POS: UPI: KIRANA,74.93,0.0
11-07-2025,UPI/POS: UPI: KIRANA,48.47,0.0
11-07-2025,UPI/POS: NAMMA METRO,52.09,0.0
11-07-2025,UPI/POS: OLA CABS,295.46,0.0
11-07-2025,UPI/POS: UPI: KIRANA,34.94,0.0
11-07-2025,UPI/POS: SWIGGY,216.93,0.0
11-07-2025,UPI/POS: UBER,253.2,0.0
11-07-2025,UPI/POS: UPI: TEA STALL,25.07,0.0
11-07-2025,UPI/POS: UPI: TEA STALL,23.36,0.0
11-07-2025,UPI/POS: AMAZON,442.37,0.0
11-07-2025,UPI/POS: BLINKIT,573.05,0.0
12-07-2025,UPI/POS: UPI: TEA STALL,17.43,0.0
12-07-2025,UPI/POS: AMAZON,1292.61,0.0
12-07-2025,UPI/POS: LOCAL BAKERY,137.34,0.0
12-07-2025,UPI/POS: NAMMA METRO,43.53,0.0
12-07-2025,UPI/POS: ZEPTO,366.98,0.0
13-07-2025,UPI/POS: AMAZON,211.13,0.0
13-07-2025,UPI/POS: UPI: NEHA SPLITWISE,1317.15,0.0
13-07-2025,UPI/POS: AMAZON,1329.52,0.0
13-07-2025,UPI/POS: UPI: TEA STALL,20.07,0.0
13-07-2025,UPI/POS: LOCAL BAKERY,123.18,0.0
13-07-2025,UPI/POS: UPI: NEHA SPLITWISE,1786.05,0.0
14-07-2025,UPI/POS: OLA CABS,245.22,0.0
14-07-2025,UPI/POS: UPI: AUTO,91.2,0.0
14-07-2025,UPI/POS: OLA CABS,160.08,0.0
14-07-2025,UPI/POS: AMAZON,1469.04,0.0
14-07-2025,UPI/POS: OLA CABS,139.0,0.0
14-07-2025,UPI/POS: UPI: TEA STALL,25.89,0.0
15-07-2025,UPI/POS: ZOMATO,349.06,0.0
15-07-2025,UPI/POS: LOCAL BAKERY,97.09,0.0
15-07-2025,UPI/POS: UBER,355.8,0.0
15-07-2025,UPI/POS: ZEPTO,283.44,0.0
15-07-2025,UPI/POS: ZOMATO,286.94,0.0
15-07-2025,UPI/POS: AMAZON,1062.06,0.0
16-07-2025,UPI/POS: SWIGGY,341.19,0.0
16-07-2025,UPI/POS: ZOMATO,343.44,0.0
16-07-2025,UPI/POS: UPI: TEA STALL,18.02,0.0
16-07-2025,UPI/POS: AMAZON,440.17,0.0
17-07-2025,UPI/POS: OLA CABS,140.53,0.0
17-07-2025,UPI/POS: UPI: AMIT SPLITWISE,764.85,0.0
17-07-2025,UPI/POS: ZEPTO,186.88,0.0
17-07-2025,UPI/POS: STARBUCKS,304.92,0.0
17-07-2025,UPI/POS: OLA CABS,132.29,0.0
17-07-2025,UPI/POS: UPI: RAHUL SPLITWISE,1398.89,0.0
18-07-2025,UPI/POS: UPI: TEA STALL,26.42,0.0
18-07-2025,UPI/POS: UPI: PRIYA SPLITWISE,1107.01,0.0
18-07-2025,UPI/POS: STARBUCKS,327.91,0.0
18-07-2025,UPI/POS: UPI: KIRANA,46.31,0.0
18-07-2025,UPI/POS: NAMMA METRO,41.75,0.0
18-07-2025,UPI/POS: UPI: AUTO,74.76,0.0
18-07-2025,UPI/POS: UPI: AUTO,90.26,0.0
19-07-2025,UPI/POS: OLA CABS,152.23,0.0
19-07-2025,UPI/POS: UPI: TEA STALL,23.85,0.0
19-07-2025,UPI/POS: UBER,311.85,0.0
20-07-2025,UPI/POS: OLA CABS,216.05,0.0
21-07-2025,UPI/POS: UPI: KIRANA,22.79,0.0
21-07-2025,UPI/POS: ZEPTO,342.78,0.0
21-07-2025,UPI/POS: UPI: TEA STALL,28.94,0.0
21-07-2025,UPI/POS: ZOMATO,375.79,0.0
21-07-2025,UPI/POS: UBER,367.83,0.0
21-07-2025,UPI/POS: BLINKIT,381.96,0.0
22-07-2025,UPI/POS: UPI: AUTO,60.69,0.0
22-07-2025,UPI/POS: UPI: TEA STALL,21.04,0.0
22-07-2025,UPI/POS: UPI: KIRANA,91.34,0.0
22-07-2025,UPI/POS: NAMMA METRO,56.85,0.0
22-07-2025,UPI/POS: NAMMA METRO,56.62,0.0
22-07-2025,UPI/POS: OLA CABS,108.11,0.0
23-07-2025,UPI/POS: OLA CABS,264.05,0.0
23-07-2025,UPI/POS: AMAZON,759.71,0.0
23-07-2025,UPI/POS: UPI: AMIT SPLITWISE,344.84,0.0
23-07-2025,UPI/POS: STARBUCKS,276.5,0.0
24-07-2025,UPI/POS: ZEPTO,370.72,0.0
24-07-2025,UPI/POS: SWIGGY,375.03,0.0
24-07-2025,UPI/POS: NAMMA METRO,51.96,0.0
24-07-2025,UPI/POS: UPI: TEA STALL,25.06,0.0
24-07-2025,UPI/POS: STARBUCKS,267.44,0.0
25-07-2025,UPI/POS: LOCAL BAKERY,60.76,0.0
25-07-2025,UPI/POS: UBER,385.17,0.0
25-07-2025,UPI/POS: OLA CABS,141.48,0.0
25-07-2025,UPI/POS: LOCAL BAKERY,145.17,0.0
26-07-2025,UPI/POS: UBER,342.96,0.0
27-07-2025,UPI/POS: OLA CABS,197.84,0.0
27-07-2025,UPI/POS: LOCAL BAKERY,94.17,0.0
27-07-2025,UPI/POS: UPI: AUTO,67.23,0.0
27-07-2025,UPI/POS: AMAZON,989.12,0.0
28-07-2025,UPI/POS: UPI: TEA STALL,24.87,0.0
28-07-2025,UPI/POS: UPI: KIRANA,27.67,0.0
28-07-2025,UPI/POS: BLINKIT,260.3,0.0
28-07-2025,UPI/POS: ZOMATO,221.0,0.0
28-07-2025,UPI/POS: NAMMA METRO,48.71,0.0
29-07-2025,UPI/POS: UPI: TEA STALL,21.55,0.0
29-07-2025,UPI/POS: SWIGGY,152.08,0.0
29-07-2025,UPI/POS: UPI: AUTO,83.13,0.0
29-07-2025,UPI/POS: SWIGGY,397.22,0.0
29-07-2025,UPI/POS: UPI: KIRANA,33.37,0.0
29-07-2025,UPI/POS: UPI: KIRANA,32.74,0.0
30-07-2025,UPI/POS: ZEPTO,259.91,0.0
30-07-2025,UPI/POS: UBER,165.21,0.0
30-07-2025,UPI/POS: ZEPTO,254.12,0.0
31-07-2025,UPI/POS: UPI: KIRANA,56.72,0.0
31-07-2025,UPI/POS: SWIGGY,269.18,0.0
31-07-2025,UPI/POS: UBER,326.83,0.0
01-08-2025,UPI/POS: UBER,365.95,0.0
01-08-2025,UPI/POS: BLINKIT,552.85,0.0
01-08-2025,UPI/POS: OLA CABS,174.51,0.0
01-08-2025,UPI/POS: ZEPTO,354.39,0.0
01-08-2025,NEFT: ACME CORP SALARY,0.0,250000.0
02-08-2025,UPI/POS: NAMMA METRO,35.53,0.0
02-08-2025,UPI/POS: SWIGGY,338.67,0.0
02-08-2025,UPI/POS: BLINKIT,272.33,0.0
02-08-2025,UPI/POS: SWIGGY,341.11,0.0
02-08-2025,UPI: LANDLORD RENT,35000.0,0.0
02-08-2025,UPI/POS: UBER,244.3,0.0
02-08-2025,UPI/POS: UPI: PRIYA SPLITWISE,1279.85,0.0
03-08-2025,UPI/POS: SWIGGY,171.85,0.0
03-08-2025,UPI/POS: UPI: AMIT SPLITWISE,106.49,0.0
03-08-2025,UPI/POS: BLINKIT,449.29,0.0
03-08-2025,UPI/POS: LOCAL BAKERY,102.86,0.0
03-08-2025,UPI/POS: SWIGGY,314.03,0.0
04-08-2025,UPI/POS: UBER,327.84,0.0
04-08-2025,UPI/POS: NAMMA METRO,48.65,0.0
04-08-2025,UPI/POS: NAMMA METRO,47.64,0.0
04-08-2025,UPI/POS: UPI: TEA STALL,28.3,0.0
05-08-2025,UPI/POS: UBER,386.63,0.0
05-08-2025,UPI/POS: LOCAL BAKERY,91.03,0.0
05-08-2025,UPI/POS: UPI: KIRANA,31.02,0.0
05-08-2025,UPI/POS: AMAZON,214.24,0.0
05-08-2025,ACH: HDFC AUTO LOAN,15000.0,0.0
05-08-2025,UPI/POS: UPI: TEA STALL,29.77,0.0
05-08-2025,UPI/POS: UPI: TEA STALL,23.68,0.0
06-08-2025,UPI/POS: NAMMA METRO,43.7,0.0
06-08-2025,UPI/POS: BLINKIT,572.72,0.0
06-08-2025,UPI/POS: OLA CABS,178.75,0.0
07-08-2025,UPI/POS: STARBUCKS,330.21,0.0
07-08-2025,UPI/POS: STARBUCKS,324.81,0.0
07-08-2025,UPI/POS: LOCAL BAKERY,76.92,0.0
07-08-2025,UPI/POS: ZEPTO,149.06,0.0
07-08-2025,UPI/POS: NAMMA METRO,56.19,0.0
07-08-2025,UPI/POS: UPI: TEA STALL,26.08,0.0
08-08-2025,UPI/POS: ZEPTO,180.9,0.0
08-08-2025,UPI/POS: BLINKIT,209.16,0.0
09-08-2025,UPI/POS: UPI: AUTO,84.9,0.0
09-08-2025,UPI/POS: ZEPTO,316.39,0.0
09-08-2025,UPI/POS: NAMMA METRO,36.02,0.0
09-08-2025,UPI/POS: BLINKIT,562.19,0.0
09-08-2025,UPI/POS: NAMMA METRO,33.16,0.0
09-08-2025,UPI/POS: STARBUCKS,329.68,0.0
09-08-2025,UPI/POS: OLA CABS,108.47,0.0
10-08-2025,POS: NETFLIX,649.0,0.0
10-08-2025,UPI/POS: UPI: TEA STALL,27.88,0.0
10-08-2025,POS: SPOTIFY,119.0,0.0
10-08-2025,UPI/POS: NAMMA METRO,46.11,0.0
10-08-2025,BBPS: AIRTEL WIFI,1180.0,0.0
10-08-2025,UPI/POS: UPI: AUTO,95.67,0.0
10-08-2025,UPI/POS: ZEPTO,251.9,0.0
10-08-2025,UPI/POS: BLINKIT,414.14,0.0
10-08-2025,UPI/POS: LOCAL BAKERY,133.35,0.0
11-08-2025,UPI/POS: LOCAL BAKERY,142.53,0.0
11-08-2025,UPI/POS: NAMMA METRO,54.17,0.0
11-08-2025,UPI/POS: NAMMA METRO,44.14,0.0
11-08-2025,UPI/POS: LOCAL BAKERY,138.58,0.0
11-08-2025,UPI/POS: NAMMA METRO,40.86,0.0
11-08-2025,UPI/POS: OLA CABS,108.74,0.0
12-08-2025,UPI/POS: ZOMATO,222.61,0.0
12-08-2025,UPI/POS: ZEPTO,398.85,0.0
12-08-2025,UPI/POS: AMAZON,703.9,0.0
12-08-2025,UPI/POS: UBER,253.45,0.0
12-08-2025,UPI/POS: OLA CABS,262.8,0.0
13-08-2025,UPI/POS: BLINKIT,325.19,0.0
13-08-2025,UPI/POS: OLA CABS,125.71,0.0
13-08-2025,UPI/POS: STARBUCKS,309.35,0.0
13-08-2025,UPI/POS: AMAZON,446.49,0.0
13-08-2025,UPI/POS: LOCAL BAKERY,84.76,0.0
13-08-2025,UPI/POS: ZEPTO,258.29,0.0
13-08-2025,UPI/POS: BLINKIT,439.42,0.0
14-08-2025,UPI/POS: STARBUCKS,387.52,0.0
14-08-2025,UPI/POS: BLINKIT,510.87,0.0
14-08-2025,UPI/POS: LOCAL BAKERY,81.37,0.0
14-08-2025,UPI/POS: UPI: AUTO,88.71,0.0
14-08-2025,UPI/POS: NAMMA METRO,35.15,0.0
14-08-2025,UPI/POS: LOCAL BAKERY,139.48,0.0
14-08-2025,UPI/POS: ZEPTO,128.15,0.0
15-08-2025,UPI/POS: ZEPTO,263.43,0.0
15-08-2025,UPI/POS: LOCAL BAKERY,135.62,0.0
16-08-2025,UPI/POS: BLINKIT,405.68,0.0
17-08-2025,UPI/POS: OLA CABS,115.34,0.0
17-08-2025,UPI/POS: NAMMA METRO,34.7,0.0
17-08-2025,UPI/POS: UBER,315.48,0.0
17-08-2025,UPI/POS: STARBUCKS,254.64,0.0
17-08-2025,UPI/POS: UPI: KIRANA,72.41,0.0
17-08-2025,UPI/POS: UPI: KIRANA,96.8,0.0
18-08-2025,UPI/POS: AMAZON,1260.57,0.0
18-08-2025,UPI/POS: UPI: TEA STALL,27.07,0.0
18-08-2025,UPI/POS: UBER,179.76,0.0
18-08-2025,UPI/POS: ZEPTO,291.77,0.0
18-08-2025,UPI/POS: NAMMA METRO,47.86,0.0
18-08-2025,UPI/POS: STARBUCKS,317.24,0.0
18-08-2025,UPI/POS: UPI: KIRANA,60.05,0.0
18-08-2025,UPI/POS: ZEPTO,362.62,0.0
18-08-2025,UPI/POS: UPI: TEA STALL,17.18,0.0
18-08-2025,UPI/POS: OLA CABS,130.19,0.0
18-08-2025,UPI/POS: SWIGGY,162.34,0.0
18-08-2025,UPI/POS: OLA CABS,280.38,0.0
18-08-2025,UPI/POS: UPI: KIRANA,52.85,0.0
19-08-2025,UPI/POS: ZOMATO,312.22,0.0
19-08-2025,UPI/POS: UBER,338.53,0.0
19-08-2025,UPI/POS: UPI: TEA STALL,16.29,0.0
19-08-2025,UPI/POS: UPI: KIRANA,52.97,0.0
19-08-2025,UPI/POS: NAMMA METRO,46.63,0.0
20-08-2025,UPI/POS: STARBUCKS,352.4,0.0
20-08-2025,UPI/POS: UBER,293.91,0.0
20-08-2025,UPI/POS: SWIGGY,281.77,0.0
20-08-2025,UPI/POS: ZOMATO,190.84,0.0
20-08-2025,UPI/POS: UPI: TEA STALL,18.6,0.0
21-08-2025,UPI/POS: UBER,248.7,0.0
21-08-2025,UPI/POS: BLINKIT,167.11,0.0
21-08-2025,UPI/POS: LOCAL BAKERY,132.96,0.0
21-08-2025,UPI/POS: SWIGGY,399.54,0.0
22-08-2025,UPI/POS: UBER,170.76,0.0
22-08-2025,UPI/POS: UPI: AUTO,90.37,0.0
22-08-2025,UPI/POS: UPI: TEA STALL,28.07,0.0
22-08-2025,UPI/POS: UPI: AUTO,89.46,0.0
22-08-2025,UPI/POS: AMAZON,418.19,0.0
22-08-2025,UPI/POS: UPI: AUTO,85.77,0.0
23-08-2025,UPI/POS: OLA CABS,177.56,0.0
23-08-2025,UPI/POS: UBER,312.42,0.0
23-08-2025,UPI/POS: UPI: AUTO,82.46,0.0
23-08-2025,UPI/POS: UPI: AUTO,94.89,0.0
23-08-2025,UPI/POS: UPI: KIRANA,32.43,0.0
23-08-2025,UPI/POS: UPI: TEA STALL,23.11,0.0
23-08-2025,UPI/POS: LOCAL BAKERY,70.07,0.0
24-08-2025,UPI/POS: LOCAL BAKERY,146.82,0.0
24-08-2025,UPI/POS: OLA CABS,297.04,0.0
24-08-2025,UPI/POS: STARBUCKS,254.17,0.0
25-08-2025,UPI/POS: STARBUCKS,267.83,0.0
25-08-2025,UPI/POS: UPI: AUTO,96.47,0.0
25-08-2025,UPI/POS: SWIGGY,356.04,0.0
25-08-2025,UPI/POS: AMAZON,1452.08,0.0
25-08-2025,UPI/POS: OLA CABS,272.96,0.0
25-08-2025,UPI/POS: UPI: AUTO,60.23,0.0
25-08-2025,UPI/POS: NAMMA METRO,55.47,0.0
25-08-2025,UPI/POS: ZEPTO,350.74,0.0
26-08-2025,UPI/POS: AMAZON,948.6,0.0
26-08-2025,UPI/POS: UPI: AUTO,91.31,0.0
26-08-2025,UPI/POS: ZOMATO,191.58,0.0
27-08-2025,UPI/POS: UPI: TEA STALL,28.75,0.0
28-08-2025,UPI/POS: NAMMA METRO,37.99,0.0
28-08-2025,UPI/POS: LOCAL BAKERY,123.65,0.0
28-08-2025,UPI/POS: UPI: PRIYA SPLITWISE,386.38,0.0
28-08-2025,UPI/POS: UPI: AMIT SPLITWISE,1426.85,0.0
28-08-2025,UPI/POS: AMAZON,943.52,0.0
28-08-2025,UPI/POS: LOCAL BAKERY,101.33,0.0
29-08-2025,UPI/POS: UPI: AUTO,92.06,0.0
29-08-2025,UPI/POS: UPI: TEA STALL,21.4,0.0
29-08-2025,UPI/POS: ZEPTO,399.22,0.0
29-08-2025,UPI/POS: UPI: NEHA SPLITWISE,1638.51,0.0
29-08-2025,UPI/POS: LOCAL BAKERY,149.13,0.0
29-08-2025,UPI/POS: UPI: KIRANA,80.95,0.0
30-08-2025,UPI/POS: UPI: KIRANA,42.68,0.0
30-08-2025,UPI/POS: ZEPTO,191.32,0.0
30-08-2025,UPI/POS: UPI: AUTO,54.04,0.0
30-08-2025,UPI/POS: NAMMA METRO,58.79,0.0
30-08-2025,UPI/POS: STARBUCKS,292.55,0.0
30-08-2025,UPI/POS: OLA CABS,159.25,0.0
31-08-2025,UPI/POS: AMAZON,1010.42,0.0
31-08-2025,UPI/POS: UPI: TEA STALL,16.58,0.0
31-08-2025,UPI/POS: UPI: AUTO,83.29,0.0
31-08-2025,UPI/POS: UPI: AUTO,97.41,0.0
01-09-2025,UPI/POS: NAMMA METRO,47.66,0.0
01-09-2025,UPI/POS: ZEPTO,167.97,0.0
01-09-2025,UPI/POS: ZEPTO,161.69,0.0
01-09-2025,NEFT: ACME CORP SALARY,0.0,250000.0
02-09-2025,UPI/POS: SWIGGY,182.63,0.0
02-09-2025,UPI/POS: STARBUCKS,359.35,0.0
02-09-2025,UPI: LANDLORD RENT,35000.0,0.0
02-09-2025,UPI/POS: NAMMA METRO,33.41,0.0
02-09-2025,UPI/POS: ZEPTO,120.3,0.0
02-09-2025,UPI/POS: UPI: KIRANA,86.74,0.0
03-09-2025,UPI/POS: UPI: RAHUL SPLITWISE,1185.2,0.0
03-09-2025,UPI/POS: UPI: AUTO,78.26,0.0
03-09-2025,UPI/POS: UPI: TEA STALL,20.9,0.0
03-09-2025,UPI/POS: UPI: TEA STALL,20.01,0.0
04-09-2025,UPI/POS: ZEPTO,356.63,0.0
04-09-2025,UPI/POS: UPI: TEA STALL,26.61,0.0
05-09-2025,UPI/POS: UPI: AUTO,65.72,0.0
05-09-2025,UPI/POS: SWIGGY,331.39,0.0
05-09-2025,ACH: HDFC AUTO LOAN,15000.0,0.0
05-09-2025,UPI/POS: UBER,282.12,0.0
06-09-2025,UPI/POS: UPI: RAHUL SPLITWISE,774.48,0.0
06-09-2025,UPI/POS: NAMMA METRO,41.09,0.0
06-09-2025,UPI/POS: UBER,160.07,0.0
06-09-2025,UPI/POS: UBER,225.69,0.0
06-09-2025,UPI/POS: BLINKIT,154.83,0.0
06-09-2025,UPI/POS: UPI: KIRANA,79.69,0.0
06-09-2025,UPI/POS: SWIGGY,265.83,0.0
06-09-2025,UPI/POS: ZEPTO,257.7,0.0
07-09-2025,UPI/POS: LOCAL BAKERY,113.84,0.0
07-09-2025,UPI/POS: ZOMATO,369.44,0.0
07-09-2025,UPI/POS: UPI: AUTO,83.77,0.0
07-09-2025,UPI/POS: NAMMA METRO,37.28,0.0
07-09-2025,UPI/POS: SWIGGY,255.08,0.0
07-09-2025,UPI/POS: UPI: TEA STALL,26.67,0.0
08-09-2025,UPI/POS: UPI: AUTO,78.64,0.0
08-09-2025,UPI/POS: UPI: AUTO,54.74,0.0
08-09-2025,UPI/POS: UPI: KIRANA,47.43,0.0
08-09-2025,UPI/POS: SWIGGY,249.48,0.0
08-09-2025,UPI/POS: OLA CABS,256.33,0.0
09-09-2025,UPI/POS: BLINKIT,567.59,0.0
09-09-2025,UPI/POS: UPI: TEA STALL,25.25,0.0
09-09-2025,UPI/POS: OLA CABS,269.53,0.0
09-09-2025,UPI/POS: ZEPTO,321.49,0.0
09-09-2025,UPI/POS: OLA CABS,186.75,0.0
09-09-2025,UPI/POS: UPI: KIRANA,94.97,0.0
10-09-2025,UPI/POS: STARBUCKS,319.46,0.0
10-09-2025,UPI/POS: ZEPTO,237.13,0.0
10-09-2025,UPI/POS: SWIGGY,371.32,0.0
10-09-2025,POS: NETFLIX,649.0,0.0
10-09-2025,POS: SPOTIFY,119.0,0.0
10-09-2025,BBPS: AIRTEL WIFI,1180.0,0.0
10-09-2025,UPI/POS: ZOMATO,309.2,0.0
10-09-2025,UPI/POS: STARBUCKS,377.82,0.0
11-09-2025,UPI/POS: UPI: KIRANA,75.41,0.0
11-09-2025,UPI/POS: OLA CABS,243.73,0.0
11-09-2025,UPI/POS: SWIGGY,189.1,0.0
12-09-2025,UPI/POS: ZOMATO,243.53,0.0
12-09-2025,UPI/POS: STARBUCKS,395.74,0.0
12-09-2025,UPI/POS: UPI: AUTO,64.54,0.0
12-09-2025,UPI/POS: STARBUCKS,256.42,0.0
12-09-2025,UPI/POS: BLINKIT,291.02,0.0
12-09-2025,UPI/POS: NAMMA METRO,39.44,0.0
13-09-2025,UPI/POS: UPI: RAHUL SPLITWISE,1274.09,0.0
13-09-2025,UPI/POS: UBER,154.25,0.0
13-09-2025,UPI/POS: OLA CABS,143.75,0.0
13-09-2025,UPI/POS: STARBUCKS,280.75,0.0
13-09-2025,UPI/POS: OLA CABS,244.02,0.0
14-09-2025,UPI/POS: BLINKIT,476.88,0.0
14-09-2025,UPI/POS: UPI: TEA STALL,16.54,0.0
14-09-2025,UPI/POS: UPI: TEA STALL,29.77,0.0
14-09-2025,UPI/POS: NAMMA METRO,51.03,0.0
14-09-2025,UPI/POS: OLA CABS,121.98,0.0
14-09-2025,UPI/POS: NAMMA METRO,40.98,0.0
15-09-2025,UPI/POS: ZEPTO,282.42,0.0
15-09-2025,UPI/POS: UPI: AUTO,84.02,0.0
15-09-2025,UPI/POS: LOCAL BAKERY,53.41,0.0
16-09-2025,UPI/POS: SWIGGY,319.39,0.0
16-09-2025,UPI/POS: ZOMATO,245.52,0.0
16-09-2025,UPI/POS: UBER,293.84,0.0
16-09-2025,UPI/POS: NAMMA METRO,38.74,0.0
16-09-2025,UPI/POS: AMAZON,368.9,0.0
16-09-2025,UPI/POS: LOCAL BAKERY,96.5,0.0
17-09-2025,UPI/POS: OLA CABS,298.18,0.0
17-09-2025,UPI/POS: UPI: KIRANA,25.26,0.0
17-09-2025,UPI/POS: ZEPTO,261.09,0.0
17-09-2025,UPI/POS: STARBUCKS,289.38,0.0
17-09-2025,UPI/POS: NAMMA METRO,41.69,0.0
18-09-2025,UPI/POS: ZEPTO,276.14,0.0
18-09-2025,UPI/POS: UPI: KIRANA,48.99,0.0
18-09-2025,UPI/POS: NAMMA METRO,32.77,0.0
18-09-2025,UPI/POS: BLINKIT,540.61,0.0
18-09-2025,UPI/POS: UPI: KIRANA,84.55,0.0
19-09-2025,UPI/POS: STARBUCKS,259.95,0.0
19-09-2025,UPI/POS: NAMMA METRO,37.86,0.0
19-09-2025,UPI/POS: BLINKIT,572.06,0.0
19-09-2025,UPI/POS: UPI: NEHA SPLITWISE,132.44,0.0
19-09-2025,UPI/POS: SWIGGY,150.74,0.0
20-09-2025,UPI/POS: STARBUCKS,273.61,0.0
20-09-2025,UPI/POS: UPI: AUTO,64.63,0.0
20-09-2025,UPI/POS: UPI: TEA STALL,26.88,0.0
20-09-2025,UPI/POS: UPI: KIRANA,23.68,0.0
21-09-2025,UPI/POS: ZOMATO,309.94,0.0
21-09-2025,UPI/POS: UPI: RAHUL SPLITWISE,452.97,0.0
21-09-2025,UPI/POS: UPI: RAHUL SPLITWISE,1867.31,0.0
22-09-2025,UPI/POS: UPI: KIRANA,89.36,0.0
22-09-2025,UPI/POS: UBER,379.43,0.0
22-09-2025,UPI/POS: NAMMA METRO,35.93,0.0
23-09-2025,UPI/POS: OLA CABS,125.01,0.0
23-09-2025,UPI/POS: AMAZON,847.0,0.0
23-09-2025,UPI/POS: UBER,164.38,0.0
23-09-2025,UPI/POS: UPI: TEA STALL,17.93,0.0
23-09-2025,UPI/POS: AMAZON,1200.42,0.0
23-09-2025,UPI/POS: SWIGGY,166.68,0.0
23-09-2025,UPI/POS: LOCAL BAKERY,118.02,0.0
24-09-2025,UPI/POS: UPI: TEA STALL,16.79,0.0
24-09-2025,UPI/POS: UPI: KIRANA,21.63,0.0
24-09-2025,UPI/POS: UPI: TEA STALL,28.43,0.0
24-09-2025,UPI/POS: UPI: PRIYA SPLITWISE,1886.44,0.0
24-09-2025,UPI/POS: AMAZON,1388.85,0.0
24-09-2025,UPI/POS: BLINKIT,199.7,0.0
25-09-2025,UPI/POS: OLA CABS,185.8,0.0
25-09-2025,UPI/POS: UPI: NEHA SPLITWISE,313.69,0.0
25-09-2025,UPI/POS: UBER,213.47,0.0
25-09-2025,UPI/POS: UPI: AUTO,61.88,0.0
25-09-2025,UPI/POS: SWIGGY,281.8,0.0
25-09-2025,UPI/POS: AMAZON,998.25,0.0
25-09-2025,UPI/POS: SWIGGY,373.96,0.0
26-09-2025,UPI/POS: LOCAL BAKERY,110.34,0.0
26-09-2025,UPI/POS: LOCAL BAKERY,133.19,0.0
26-09-2025,UPI/POS: STARBUCKS,284.95,0.0
26-09-2025,UPI/POS: UPI: TEA STALL,19.85,0.0
26-09-2025,UPI/POS: AMAZON,534.3,0.0
27-09-2025,UPI/POS: AMAZON,1009.33,0.0
27-09-2025,UPI/POS: STARBUCKS,276.66,0.0
27-09-2025,UPI/POS: UPI: PRIYA SPLITWISE,1631.0,0.0
27-09-2025,UPI/POS: UPI: KIRANA,46.15,0.0
28-09-2025,UPI/POS: UBER,282.24,0.0
28-09-2025,UPI/POS: SWIGGY,362.38,0.0
28-09-2025,UPI/POS: UPI: KIRANA,69.97,0.0
28-09-2025,UPI/POS: ZEPTO,237.18,0.0
29-09-2025,UPI/POS: UPI: AUTO,43.89,0.0
29-09-2025,UPI/POS: UPI: AUTO,53.76,0.0
30-09-2025,UPI/POS: LOCAL BAKERY,108.14,0.0
30-09-2025,UPI/POS: ZEPTO,394.68,0.0
30-09-2025,UPI/POS: UPI: TEA STALL,25.01,0.0
30-09-2025,UPI/POS: UPI: TEA STALL,25.03,0.0
30-09-2025,UPI/POS: BLINKIT,212.91,0.0
30-09-2025,UPI/POS: UPI: AUTO,41.95,0.0
30-09-2025,UPI/POS: SWIGGY,326.92,0.0
30-09-2025,UPI/POS: BLINKIT,273.83,0.0
30-09-2025,UPI/POS: ZOMATO,394.2,0.0
30-09-2025,UPI/POS: UBER,300.9,0.0
30-09-2025,UPI/POS: UPI: AMIT SPLITWISE,1202.88,0.0
01-10-2025,NEFT: ACME CORP SALARY,0.0,250000.0
01-10-2025,UPI/POS: ZOMATO,363.8,0.0
01-10-2025,UPI/POS: ZEPTO,337.62,0.0
01-10-2025,UPI/POS: UPI: TEA STALL,18.66,0.0
01-10-2025,UPI/POS: UPI: TEA STALL,21.06,0.0
02-10-2025,UPI: LANDLORD RENT,35000.0,0.0
02-10-2025,UPI/POS: BLINKIT,518.95,0.0
02-10-2025,UPI/POS: UPI: TEA STALL,29.03,0.0
02-10-2025,UPI/POS: STARBUCKS,319.88,0.0
02-10-2025,UPI/POS: ZEPTO,145.53,0.0
02-10-2025,UPI/POS: STARBUCKS,328.38,0.0
03-10-2025,UPI/POS: AMAZON,1220.73,0.0
03-10-2025,UPI/POS: STARBUCKS,286.47,0.0
04-10-2025,UPI/POS: UPI: PRIYA SPLITWISE,1326.32,0.0
04-10-2025,UPI/POS: NAMMA METRO,42.46,0.0
04-10-2025,UPI/POS: UPI: AUTO,94.79,0.0
04-10-2025,UPI/POS: LOCAL BAKERY,135.11,0.0
04-10-2025,UPI/POS: UBER,360.32,0.0
05-10-2025,ACH: HDFC AUTO LOAN,15000.0,0.0
05-10-2025,UPI/POS: UBER,355.61,0.0
05-10-2025,UPI/POS: UPI: AMIT SPLITWISE,883.74,0.0
05-10-2025,UPI/POS: UPI: AMIT SPLITWISE,1293.99,0.0
05-10-2025,UPI/POS: AMAZON,861.18,0.0
05-10-2025,UPI/POS: OLA CABS,273.31,0.0
06-10-2025,UPI/POS: ZOMATO,203.5,0.0
06-10-2025,UPI/POS: ZEPTO,351.2,0.0
06-10-2025,UPI/POS: UPI: TEA STALL,29.71,0.0
06-10-2025,UPI/POS: BLINKIT,583.86,0.0
06-10-2025,UPI/POS: UPI: TEA STALL,20.44,0.0
07-10-2025,UPI/POS: STARBUCKS,340.17,0.0
07-10-2025,UPI/POS: ZOMATO,208.72,0.0
07-10-2025,UPI/POS: LOCAL BAKERY,65.71,0.0
07-10-2025,UPI/POS: UPI: TEA STALL,18.97,0.0
07-10-2025,UPI/POS: UPI: KIRANA,96.19,0.0
07-10-2025,UPI/POS: SWIGGY,210.79,0.0
08-10-2025,UPI/POS: AMAZON,1414.54,0.0
08-10-2025,UPI/POS: ZOMATO,340.01,0.0
08-10-2025,UPI/POS: UBER,381.16,0.0
09-10-2025,UPI/POS: LOCAL BAKERY,111.55,0.0
09-10-2025,UPI/POS: UPI: KIRANA,51.69,0.0
09-10-2025,UPI/POS: ZEPTO,310.09,0.0
09-10-2025,UPI/POS: STARBUCKS,346.3,0.0
09-10-2025,UPI/POS: UPI: KIRANA,58.85,0.0
09-10-2025,UPI/POS: UPI: TEA STALL,17.77,0.0
09-10-2025,UPI/POS: BLINKIT,161.65,0.0
09-10-2025,UPI/POS: ZEPTO,295.99,0.0
10-10-2025,POS: NETFLIX,649.0,0.0
10-10-2025,UPI/POS: ZEPTO,353.35,0.0
10-10-2025,UPI/POS: UPI: KIRANA,87.43,0.0
10-10-2025,POS: SPOTIFY,119.0,0.0
10-10-2025,UPI/POS: UPI: KIRANA,77.58,0.0
10-10-2025,UPI/POS: UPI: TEA STALL,29.75,0.0
10-10-2025,UPI/POS: UPI: KIRANA,92.45,0.0
10-10-2025,UPI/POS: BLINKIT,528.04,0.0
10-10-2025,UPI/POS: SWIGGY,319.89,0.0
10-10-2025,UPI/POS: ZEPTO,127.76,0.0
10-10-2025,BBPS: AIRTEL WIFI,1180.0,0.0
10-10-2025,UPI/POS: UPI: TEA STALL,21.99,0.0
11-10-2025,UPI/POS: SWIGGY,282.83,0.0
11-10-2025,UPI/POS: ZOMATO,301.93,0.0
11-10-2025,UPI/POS: BLINKIT,593.41,0.0
11-10-2025,UPI/POS: UBER,275.2,0.0
12-10-2025,UPI/POS: SWIGGY,333.28,0.0
12-10-2025,UPI/POS: AMAZON,496.87,0.0
12-10-2025,UPI/POS: ZEPTO,243.36,0.0
12-10-2025,UPI/POS: STARBUCKS,267.88,0.0
12-10-2025,UPI/POS: UPI: KIRANA,98.1,0.0
13-10-2025,UPI/POS: UBER,237.92,0.0
13-10-2025,UPI/POS: UPI: AMIT SPLITWISE,1914.2,0.0
13-10-2025,UPI/POS: ZOMATO,306.71,0.0
13-10-2025,UPI/POS: OLA CABS,299.26,0.0
13-10-2025,UPI/POS: UPI: KIRANA,96.78,0.0
13-10-2025,UPI/POS: STARBUCKS,348.55,0.0
13-10-2025,UPI/POS: LOCAL BAKERY,146.19,0.0
14-10-2025,UPI/POS: UPI: KIRANA,72.06,0.0
14-10-2025,UPI/POS: UBER,258.48,0.0
14-10-2025,UPI/POS: NAMMA METRO,56.86,0.0
14-10-2025,UPI/POS: AMAZON,1069.29,0.0
14-10-2025,UPI/POS: BLINKIT,295.43,0.0
15-10-2025,UPI/POS: UPI: KIRANA,54.72,0.0
15-10-2025,UPI/POS: LOCAL BAKERY,84.61,0.0
15-10-2025,UPI/POS: STARBUCKS,278.24,0.0
15-10-2025,UPI/POS: AMAZON,1200.16,0.0
15-10-2025,UPI/POS: NAMMA METRO,51.25,0.0
15-10-2025,UPI/POS: BLINKIT,428.92,0.0
16-10-2025,UPI/POS: ZOMATO,242.68,0.0
16-10-2025,UPI/POS: STARBUCKS,315.31,0.0
16-10-2025,UPI/POS: OLA CABS,144.05,0.0
16-10-2025,UPI/POS: UPI: AUTO,46.33,0.0
17-10-2025,UPI/POS: OLA CABS,158.15,0.0
17-10-2025,UPI/POS: STARBUCKS,392.71,0.0
18-10-2025,UPI/POS: ZEPTO,315.33,0.0
18-10-2025,UPI/POS: UPI: KIRANA,27.1,0.0
18-10-2025,UPI/POS: STARBUCKS,320.62,0.0
19-10-2025,UPI/POS: UBER,316.14,0.0
19-10-2025,UPI/POS: UPI: KIRANA,80.66,0.0
19-10-2025,UPI/POS: STARBUCKS,322.8,0.0
19-10-2025,UPI/POS: STARBUCKS,315.75,0.0
19-10-2025,UPI/POS: UPI: KIRANA,86.43,0.0
19-10-2025,UPI/POS: UPI: KIRANA,35.62,0.0
19-10-2025,UPI/POS: UBER,160.94,0.0
20-10-2025,UPI/POS: UPI: TEA STALL,29.16,0.0
20-10-2025,UPI/POS: OLA CABS,215.7,0.0
20-10-2025,UPI/POS: ZOMATO,355.22,0.0
20-10-2025,UPI/POS: UPI: KIRANA,91.44,0.0
20-10-2025,UPI/POS: BLINKIT,407.35,0.0
21-10-2025,UPI/POS: OLA CABS,224.87,0.0
21-10-2025,UPI/POS: UPI: KIRANA,58.75,0.0
21-10-2025,UPI/POS: OLA CABS,169.6,0.0
21-10-2025,UPI/POS: BLINKIT,340.53,0.0
21-10-2025,UPI/POS: ZEPTO,280.55,0.0
21-10-2025,UPI/POS: SWIGGY,168.94,0.0
21-10-2025,UPI/POS: UBER,227.25,0.0
21-10-2025,UPI/POS: LOCAL BAKERY,101.73,0.0
21-10-2025,UPI/POS: ZEPTO,169.87,0.0
22-10-2025,UPI/POS: UPI: AMIT SPLITWISE,270.31,0.0
22-10-2025,UPI/POS: UPI: AUTO,58.89,0.0
22-10-2025,UPI/POS: UBER,360.27,0.0
22-10-2025,UPI/POS: AMAZON,832.35,0.0
23-10-2025,UPI/POS: UPI: AUTO,43.31,0.0
23-10-2025,UPI/POS: UPI: NEHA SPLITWISE,196.19,0.0
23-10-2025,UPI/POS: STARBUCKS,300.21,0.0
23-10-2025,UPI/POS: AMAZON,542.63,0.0
23-10-2025,UPI/POS: UPI: KIRANA,68.22,0.0
23-10-2025,UPI/POS: NAMMA METRO,57.24,0.0
23-10-2025,UPI/POS: BLINKIT,540.24,0.0
24-10-2025,UPI/POS: UPI: TEA STALL,21.27,0.0
24-10-2025,UPI/POS: BLINKIT,276.66,0.0
25-10-2025,UPI/POS: UBER,190.95,0.0
25-10-2025,UPI/POS: NAMMA METRO,53.0,0.0
26-10-2025,UPI/POS: AMAZON,1086.0,0.0
26-10-2025,UPI/POS: SWIGGY,156.68,0.0
27-10-2025,UPI/POS: OLA CABS,131.69,0.0
27-10-2025,UPI/POS: STARBUCKS,363.61,0.0
27-10-2025,UPI/POS: NAMMA METRO,51.28,0.0
27-10-2025,UPI/POS: LOCAL BAKERY,100.58,0.0
27-10-2025,UPI/POS: ZOMATO,370.17,0.0
27-10-2025,UPI/POS: UPI: AUTO,92.26,0.0
27-10-2025,UPI/POS: OLA CABS,271.51,0.0
27-10-2025,UPI/POS: STARBUCKS,282.16,0.0
28-10-2025,UPI/POS: UPI: TEA STALL,21.62,0.0
28-10-2025,UPI/POS: ZEPTO,116.94,0.0
28-10-2025,UPI/POS: OLA CABS,128.43,0.0
28-10-2025,UPI/POS: ZEPTO,114.79,0.0
28-10-2025,UPI/POS: UPI: AUTO,83.53,0.0
28-10-2025,UPI/POS: UPI: TEA STALL,29.62,0.0
28-10-2025,UPI/POS: UPI: TEA STALL,24.65,0.0
29-10-2025,UPI/POS: NAMMA METRO,59.65,0.0
29-10-2025,UPI/POS: UBER,368.58,0.0
29-10-2025,UPI/POS: UPI: PRIYA SPLITWISE,105.78,0.0
30-10-2025,UPI/POS: OLA CABS,208.16,0.0
30-10-2025,UPI/POS: ZOMATO,323.73,0.0
30-10-2025,UPI/POS: UPI: KIRANA,54.56,0.0
30-10-2025,UPI/POS: LOCAL BAKERY,80.49,0.0
30-10-2025,UPI/POS: UBER,188.02,0.0
31-10-2025,UPI/POS: UPI: RAHUL SPLITWISE,1252.0,0.0
01-11-2025,UPI/POS: UPI: AUTO,73.41,0.0
01-11-2025,NEFT: ACME CORP SALARY,0.0,250000.0
01-11-2025,UPI/POS: UPI: AUTO,64.71,0.0
01-11-2025,UPI/POS: BLINKIT,373.65,0.0
01-11-2025,UPI/POS: LOCAL BAKERY,67.85,0.0
01-11-2025,UPI/POS: STARBUCKS,377.79,0.0
01-11-2025,UPI/POS: UBER,244.77,0.0
01-11-2025,UPI/POS: UPI: TEA STALL,17.61,0.0
01-11-2025,UPI/POS: OLA CABS,167.03,0.0
02-11-2025,UPI/POS: UPI: TEA STALL,20.62,0.0
02-11-2025,UPI/POS: UPI: AUTO,69.36,0.0
02-11-2025,UPI/POS: UPI: TEA STALL,27.54,0.0
02-11-2025,UPI/POS: STARBUCKS,285.12,0.0
02-11-2025,UPI/POS: SWIGGY,275.67,0.0
02-11-2025,UPI: LANDLORD RENT,35000.0,0.0
03-11-2025,UPI/POS: UBER,191.49,0.0
03-11-2025,UPI/POS: OLA CABS,102.83,0.0
03-11-2025,UPI/POS: AMAZON,995.39,0.0
03-11-2025,UPI/POS: UPI: AUTO,53.34,0.0
03-11-2025,UPI/POS: ZEPTO,373.7,0.0
04-11-2025,UPI/POS: AMAZON,299.47,0.0
04-11-2025,UPI/POS: NAMMA METRO,41.05,0.0
04-11-2025,UPI/POS: OLA CABS,236.6,0.0
04-11-2025,UPI/POS: STARBUCKS,368.07,0.0
04-11-2025,UPI/POS: AMAZON,715.4,0.0
04-11-2025,UPI/POS: UPI: AMIT SPLITWISE,1392.6,0.0
05-11-2025,UPI/POS: UPI: AMIT SPLITWISE,403.93,0.0
05-11-2025,UPI/POS: UPI: AMIT SPLITWISE,1481.47,0.0
05-11-2025,UPI/POS: UBER,237.59,0.0
05-11-2025,ACH: HDFC AUTO LOAN,15000.0,0.0
06-11-2025,UPI/POS: ZEPTO,178.21,0.0
06-11-2025,UPI/POS: NAMMA METRO,34.55,0.0
06-11-2025,UPI/POS: STARBUCKS,284.66,0.0
06-11-2025,UPI/POS: UBER,271.74,0.0
06-11-2025,UPI/POS: NAMMA METRO,39.13,0.0
07-11-2025,UPI/POS: BLINKIT,202.93,0.0
07-11-2025,UPI/POS: UBER,258.83,0.0
07-11-2025,UPI/POS: UPI: KIRANA,68.43,0.0
07-11-2025,UPI/POS: STARBUCKS,351.82,0.0
07-11-2025,UPI/POS: UBER,314.28,0.0
07-11-2025,UPI/POS: AMAZON,1158.24,0.0
07-11-2025,UPI/POS: ZEPTO,190.73,0.0
08-11-2025,UPI/POS: AMAZON,443.34,0.0
08-11-2025,UPI/POS: NAMMA METRO,40.22,0.0
08-11-2025,UPI/POS: UPI: KIRANA,74.48,0.0
08-11-2025,UPI/POS: AMAZON,1260.67,0.0
08-11-2025,UPI/POS: UPI: KIRANA,20.79,0.0
09-11-2025,UPI/POS: UPI: KIRANA,80.36,0.0
09-11-2025,UPI/POS: ZEPTO,324.36,0.0
09-11-2025,UPI/POS: UPI: AUTO,76.06,0.0
09-11-2025,UPI/POS: BLINKIT,420.38,0.0
09-11-2025,UPI/POS: NAMMA METRO,32.76,0.0
10-11-2025,UPI/POS: SWIGGY,235.38,0.0
10-11-2025,UPI/POS: NAMMA METRO,44.76,0.0
10-11-2025,UPI/POS: BLINKIT,539.24,0.0
10-11-2025,BBPS: AIRTEL WIFI,1180.0,0.0
10-11-2025,POS: SPOTIFY,119.0,0.0
10-11-2025,POS: NETFLIX,649.0,0.0
10-11-2025,UPI/POS: LOCAL BAKERY,104.65,0.0
10-11-2025,UPI/POS: UPI: TEA STALL,29.42,0.0
10-11-2025,UPI/POS: UPI: KIRANA,56.64,0.0
10-11-2025,UPI/POS: UPI: TEA STALL,18.32,0.0
10-11-2025,UPI/POS: ZEPTO,316.6,0.0
10-11-2025,UPI/POS: UBER,375.99,0.0
11-11-2025,UPI/POS: UPI: TEA STALL,17.41,0.0
11-11-2025,UPI/POS: ZEPTO,348.65,0.0
11-11-2025,UPI/POS: LOCAL BAKERY,52.36,0.0
11-11-2025,UPI/POS: ZOMATO,157.67,0.0
11-11-2025,UPI/POS: OLA CABS,127.0,0.0
11-11-2025,UPI/POS: AMAZON,1324.08,0.0
11-11-2025,UPI/POS: AMAZON,1370.59,0.0
11-11-2025,UPI/POS: UPI: KIRANA,95.85,0.0
12-11-2025,UPI/POS: NAMMA METRO,40.9,0.0
12-11-2025,UPI/POS: NAMMA METRO,30.86,0.0
13-11-2025,UPI/POS: BLINKIT,423.59,0.0
13-11-2025,UPI/POS: UPI: KIRANA,44.84,0.0
13-11-2025,UPI/POS: AMAZON,790.13,0.0
15-11-2025,UPI/POS: UPI: TEA STALL,19.09,0.0
15-11-2025,UPI/POS: UPI: AMIT SPLITWISE,484.14,0.0
15-11-2025,UPI/POS: ZOMATO,242.23,0.0
15-11-2025,UPI/POS: UBER,298.92,0.0
15-11-2025,UPI/POS: SWIGGY,274.7,0.0
15-11-2025,UPI/POS: ZEPTO,395.46,0.0
15-11-2025,UPI/POS: LOCAL BAKERY,66.88,0.0
15-11-2025,UPI/POS: BLINKIT,172.33,0.0
15-11-2025,UPI/POS: STARBUCKS,297.97,0.0
16-11-2025,UPI/POS: UPI: NEHA SPLITWISE,375.65,0.0
16-11-2025,UPI/POS: UPI: AUTO,64.23,0.0
16-11-2025,UPI/POS: UPI: RAHUL SPLITWISE,506.81,0.0
16-11-2025,UPI/POS: UBER,317.05,0.0
17-11-2025,UPI/POS: ZEPTO,223.83,0.0
17-11-2025,UPI/POS: NAMMA METRO,38.37,0.0
17-11-2025,UPI/POS: STARBUCKS,318.4,0.0
17-11-2025,UPI/POS: ZOMATO,295.12,0.0
17-11-2025,UPI/POS: ZOMATO,184.83,0.0
18-11-2025,UPI/POS: STARBUCKS,389.0,0.0
18-11-2025,UPI/POS: NAMMA METRO,31.09,0.0
18-11-2025,UPI/POS: UPI: AUTO,54.64,0.0
18-11-2025,UPI/POS: AMAZON,1152.6,0.0
18-11-2025,UPI/POS: NAMMA METRO,43.11,0.0
19-11-2025,UPI/POS: ZEPTO,292.63,0.0
19-11-2025,UPI/POS: LOCAL BAKERY,65.3,0.0
19-11-2025,UPI/POS: ZEPTO,166.88,0.0
20-11-2025,UPI/POS: SWIGGY,259.05,0.0
20-11-2025,UPI/POS: UPI: AUTO,57.47,0.0
21-11-2025,UPI/POS: AMAZON,590.72,0.0
21-11-2025,UPI/POS: UPI: NEHA SPLITWISE,1504.9,0.0
21-11-2025,UPI/POS: UPI: TEA STALL,24.53,0.0
21-11-2025,UPI/POS: ZEPTO,323.92,0.0
21-11-2025,UPI/POS: UPI: TEA STALL,18.11,0.0
22-11-2025,UPI/POS: OLA CABS,260.46,0.0
22-11-2025,UPI/POS: AMAZON,400.65,0.0
22-11-2025,UPI/POS: UPI: AUTO,42.21,0.0
23-11-2025,UPI/POS: OLA CABS,282.41,0.0
23-11-2025,UPI/POS: ZEPTO,282.89,0.0
23-11-2025,UPI/POS: UPI: TEA STALL,29.7,0.0
23-11-2025,UPI/POS: BLINKIT,303.02,0.0
23-11-2025,UPI/POS: SWIGGY,195.93,0.0
24-11-2025,UPI/POS: OLA CABS,285.32,0.0
24-11-2025,UPI/POS: UPI: AUTO,67.46,0.0
24-11-2025,UPI/POS: NAMMA METRO,31.23,0.0
25-11-2025,UPI/POS: OLA CABS,265.17,0.0
26-11-2025,UPI/POS: UPI: KIRANA,91.33,0.0
26-11-2025,UPI/POS: UPI: RAHUL SPLITWISE,1657.04,0.0
26-11-2025,UPI/POS: ZEPTO,208.74,0.0
26-11-2025,UPI/POS: LOCAL BAKERY,132.79,0.0
27-11-2025,UPI/POS: UPI: TEA STALL,16.61,0.0
27-11-2025,UPI/POS: OLA CABS,136.38,0.0
27-11-2025,UPI/POS: UPI: NEHA SPLITWISE,1648.29,0.0
27-11-2025,UPI/POS: UBER,365.44,0.0
28-11-2025,UPI/POS: UBER,358.97,0.0
28-11-2025,UPI/POS: SWIGGY,254.94,0.0
28-11-2025,UPI/POS: UPI: AUTO,64.03,0.0
28-11-2025,UPI/POS: AMAZON,630.62,0.0
29-11-2025,UPI/POS: UPI: AUTO,64.63,0.0
29-11-2025,UPI/POS: ZEPTO,207.1,0.0
29-11-2025,UPI/POS: SWIGGY,191.28,0.0
30-11-2025,UPI/POS: ZEPTO,277.57,0.0
30-11-2025,UPI/POS: BLINKIT,329.98,0.0
30-11-2025,UPI/POS: UPI: KIRANA,31.37,0.0
01-12-2025,UPI/POS: SWIGGY,203.08,0.0
01-12-2025,NEFT: ACME CORP SALARY,0.0,250000.0
01-12-2025,UPI/POS: SWIGGY,382.69,0.0
02-12-2025,UPI/POS: ZEPTO,364.6,0.0
02-12-2025,UPI: LANDLORD RENT,35000.0,0.0
02-12-2025,UPI/POS: NAMMA METRO,42.82,0.0
02-12-2025,UPI/POS: UPI: TEA STALL,25.11,0.0
03-12-2025,UPI/POS: UPI: NEHA SPLITWISE,1727.4,0.0
03-12-2025,UPI/POS: LOCAL BAKERY,144.35,0.0
03-12-2025,UPI/POS: OLA CABS,192.61,0.0
04-12-2025,UPI/POS: AMAZON,778.16,0.0
04-12-2025,UPI/POS: BLINKIT,538.05,0.0
04-12-2025,UPI/POS: LOCAL BAKERY,142.46,0.0
04-12-2025,UPI/POS: OLA CABS,299.96,0.0
05-12-2025,UPI/POS: UPI: KIRANA,82.02,0.0
05-12-2025,UPI/POS: ZOMATO,203.62,0.0
05-12-2025,UPI/POS: OLA CABS,176.31,0.0
05-12-2025,ACH: HDFC AUTO LOAN,15000.0,0.0
05-12-2025,UPI/POS: UBER,234.46,0.0
05-12-2025,UPI/POS: ZEPTO,393.29,0.0
06-12-2025,UPI/POS: LOCAL BAKERY,129.18,0.0
06-12-2025,UPI/POS: UBER,331.45,0.0
06-12-2025,UPI/POS: ZEPTO,108.49,0.0
06-12-2025,UPI/POS: UPI: AMIT SPLITWISE,235.35,0.0
06-12-2025,UPI/POS: STARBUCKS,351.0,0.0
07-12-2025,UPI/POS: ZEPTO,297.66,0.0
07-12-2025,UPI/POS: STARBUCKS,316.81,0.0
08-12-2025,UPI/POS: NAMMA METRO,33.99,0.0
08-12-2025,UPI/POS: UBER,351.94,0.0
08-12-2025,UPI/POS: STARBUCKS,398.46,0.0
08-12-2025,UPI/POS: SWIGGY,246.29,0.0
08-12-2025,UPI/POS: ZOMATO,249.48,0.0
09-12-2025,UPI/POS: OLA CABS,258.49,0.0
09-12-2025,UPI/POS: AMAZON,359.03,0.0
10-12-2025,BBPS: AIRTEL WIFI,1180.0,0.0
10-12-2025,UPI/POS: UPI: KIRANA,85.44,0.0
10-12-2025,POS: SPOTIFY,119.0,0.0
10-12-2025,UPI/POS: ZOMATO,183.46,0.0
10-12-2025,UPI/POS: UPI: KIRANA,67.17,0.0
10-12-2025,POS: NETFLIX,649.0,0.0
11-12-2025,UPI/POS: ZOMATO,312.85,0.0
11-12-2025,UPI/POS: ZOMATO,177.3,0.0
11-12-2025,UPI/POS: UBER,300.84,0.0
11-12-2025,UPI/POS: UBER,291.12,0.0
11-12-2025,UPI/POS: STARBUCKS,334.01,0.0
12-12-2025,UPI/POS: AMAZON,1223.04,0.0
12-12-2025,UPI/POS: ZOMATO,151.51,0.0
12-12-2025,UPI/POS: UPI: AUTO,76.34,0.0
13-12-2025,UPI/POS: ZOMATO,386.97,0.0
13-12-2025,UPI/POS: UBER,309.16,0.0
13-12-2025,UPI/POS: OLA CABS,241.63,0.0
13-12-2025,UPI/POS: UPI: AUTO,40.03,0.0
14-12-2025,UPI/POS: UPI: AUTO,56.81,0.0
14-12-2025,UPI/POS: SWIGGY,364.57,0.0
14-12-2025,UPI/POS: NAMMA METRO,54.74,0.0
14-12-2025,UPI/POS: UPI: AUTO,45.11,0.0
15-12-2025,UPI/POS: AMAZON,932.62,0.0
15-12-2025,UPI/POS: UPI: KIRANA,94.88,0.0
15-12-2025,UPI/POS: UPI: AUTO,71.77,0.0
15-12-2025,UPI/POS: STARBUCKS,314.03,0.0
15-12-2025,UPI/POS: STARBUCKS,314.6,0.0
16-12-2025,UPI/POS: STARBUCKS,363.53,0.0
16-12-2025,UPI/POS: UPI: RAHUL SPLITWISE,689.4,0.0
16-12-2025,UPI/POS: UPI: KIRANA,52.64,0.0
17-12-2025,UPI/POS: AMAZON,1436.42,0.0
17-12-2025,UPI/POS: OLA CABS,277.67,0.0
18-12-2025,UPI/POS: UPI: AUTO,56.36,0.0
19-12-2025,UPI/POS: ZEPTO,309.84,0.0
19-12-2025,UPI/POS: NAMMA METRO,31.68,0.0
19-12-2025,UPI/POS: UPI: KIRANA,98.93,0.0
19-12-2025,UPI/POS: UPI: AMIT SPLITWISE,158.87,0.0
20-12-2025,UPI/POS: NAMMA METRO,30.61,0.0
20-12-2025,UPI/POS: ZEPTO,292.78,0.0
20-12-2025,UPI/POS: UPI: PRIYA SPLITWISE,118.0,0.0
20-12-2025,UPI/POS: AMAZON,541.11,0.0
20-12-2025,UPI/POS: NAMMA METRO,48.95,0.0
20-12-2025,UPI/POS: NAMMA METRO,41.61,0.0
20-12-2025,UPI/POS: AMAZON,1361.89,0.0
20-12-2025,UPI/POS: UPI: KIRANA,86.98,0.0
21-12-2025,UPI/POS: UPI: NEHA SPLITWISE,1115.7,0.0
21-12-2025,UPI/POS: AMAZON,1403.94,0.0
22-12-2025,UPI/POS: UPI: KIRANA,27.87,0.0
22-12-2025,UPI/POS: UPI: KIRANA,20.15,0.0
22-12-2025,UPI/POS: NAMMA METRO,54.05,0.0
22-12-2025,UPI/POS: AMAZON,1099.85,0.0
23-12-2025,UPI/POS: OLA CABS,104.25,0.0
23-12-2025,UPI/POS: NAMMA METRO,58.68,0.0
23-12-2025,UPI/POS: SWIGGY,391.7,0.0
23-12-2025,UPI/POS: OLA CABS,240.66,0.0
23-12-2025,UPI/POS: UPI: KIRANA,86.38,0.0
24-12-2025,UPI/POS: UPI: TEA STALL,15.38,0.0
24-12-2025,UPI/POS: BLINKIT,538.13,0.0
24-12-2025,UPI/POS: UPI: AUTO,91.44,0.0
24-12-2025,UPI/POS: UPI: TEA STALL,24.78,0.0
25-12-2025,UPI/POS: UPI: NEHA SPLITWISE,1581.96,0.0
25-12-2025,UPI/POS: BLINKIT,577.63,0.0
25-12-2025,UPI/POS: UBER,398.95,0.0
25-12-2025,UPI/POS: BLINKIT,180.28,0.0
25-12-2025,UPI/POS: OLA CABS,293.61,0.0
25-12-2025,UPI/POS: UPI: KIRANA,21.05,0.0
25-12-2025,UPI/POS: LOCAL BAKERY,143.05,0.0
25-12-2025,UPI/POS: UPI: AUTO,58.33,0.0
25-12-2025,UPI/POS: STARBUCKS,399.72,0.0
25-12-2025,UPI/POS: STARBUCKS,345.97,0.0
25-12-2025,UPI/POS: UPI: AUTO,54.64,0.0
26-12-2025,UPI/POS: LOCAL BAKERY,76.49,0.0
27-12-2025,UPI/POS: UPI: TEA STALL,25.62,0.0
27-12-2025,UPI/POS: ZEPTO,231.29,0.0
27-12-2025,UPI/POS: ZEPTO,185.17,0.0
27-12-2025,UPI/POS: UPI: KIRANA,42.27,0.0
27-12-2025,UPI/POS: AMAZON,601.33,0.0
27-12-2025,UPI/POS: UPI: AUTO,89.7,0.0
28-12-2025,UPI/POS: BLINKIT,542.11,0.0
28-12-2025,UPI/POS: STARBUCKS,337.48,0.0
28-12-2025,UPI/POS: NAMMA METRO,49.48,0.0
28-12-2025,UPI/POS: ZOMATO,371.66,0.0
28-12-2025,UPI/POS: UBER,393.32,0.0
28-12-2025,UPI/POS: UBER,356.09,0.0
28-12-2025,UPI/POS: ZEPTO,188.92,0.0
29-12-2025,UPI/POS: ZEPTO,119.31,0.0
30-12-2025,UPI/POS: OLA CABS,293.85,0.0
30-12-2025,UPI/POS: ZEPTO,294.55,0.0
30-12-2025,UPI/POS: OLA CABS,172.93,0.0
30-12-2025,UPI/POS: UBER,270.33,0.0
30-12-2025,UPI/POS: LOCAL BAKERY,85.92,0.0
30-12-2025,UPI/POS: STARBUCKS,374.07,0.0
30-12-2025,UPI/POS: UBER,385.48,0.0
30-12-2025,UPI/POS: OLA CABS,244.27,0.0
30-12-2025,UPI/POS: UPI: TEA STALL,25.53,0.0
31-12-2025,UPI/POS: OLA CABS,242.12,0.0
31-12-2025,UPI/POS: UBER,243.07,0.0
31-12-2025,UPI/POS: NAMMA METRO,36.6,0.0
31-12-2025,UPI/POS: ZEPTO,340.91,0.0
01-01-2026,UPI/POS: UPI: PRIYA SPLITWISE,1229.63,0.0
01-01-2026,UPI/POS: AMAZON,752.07,0.0
01-01-2026,UPI/POS: STARBUCKS,397.63,0.0
01-01-2026,NEFT: ACME CORP SALARY,0.0,250000.0
01-01-2026,UPI/POS: AMAZON,966.61,0.0
01-01-2026,UPI/POS: NAMMA METRO,36.16,0.0
01-01-2026,UPI/POS: ZEPTO,320.47,0.0
01-01-2026,UPI/POS: OLA CABS,214.9,0.0
01-01-2026,UPI/POS: AMAZON,574.02,0.0
01-01-2026,UPI/POS: LOCAL BAKERY,143.7,0.0
02-01-2026,UPI/POS: ZOMATO,341.21,0.0
02-01-2026,UPI/POS: ZOMATO,398.97,0.0
02-01-2026,UPI: LANDLORD RENT,35000.0,0.0
02-01-2026,UPI/POS: AMAZON,893.8,0.0
03-01-2026,UPI/POS: LOCAL BAKERY,87.87,0.0
03-01-2026,UPI/POS: UPI: KIRANA,71.82,0.0
03-01-2026,UPI/POS: LOCAL BAKERY,123.67,0.0
03-01-2026,UPI/POS: ZOMATO,339.9,0.0
03-01-2026,UPI/POS: BLINKIT,222.34,0.0
04-01-2026,UPI/POS: UPI: TEA STALL,27.92,0.0
04-01-2026,UPI/POS: LOCAL BAKERY,127.72,0.0
04-01-2026,UPI/POS: UPI: TEA STALL,26.08,0.0
04-01-2026,UPI/POS: STARBUCKS,299.35,0.0
05-01-2026,UPI/POS: AMAZON,1233.5,0.0
05-01-2026,UPI/POS: SWIGGY,251.05,0.0
05-01-2026,UPI/POS: OLA CABS,177.96,0.0
05-01-2026,UPI/POS: BLINKIT,327.81,0.0
05-01-2026,ACH: HDFC AUTO LOAN,15000.0,0.0
05-01-2026,UPI/POS: NAMMA METRO,59.61,0.0
05-01-2026,UPI/POS: OLA CABS,124.58,0.0
06-01-2026,UPI/POS: UPI: TEA STALL,27.93,0.0
06-01-2026,UPI/POS: UPI: PRIYA SPLITWISE,363.22,0.0
06-01-2026,UPI/POS: UPI: TEA STALL,29.62,0.0
06-01-2026,UPI/POS: UPI: KIRANA,62.23,0.0
07-01-2026,UPI/POS: UPI: AUTO,85.19,0.0
07-01-2026,UPI/POS: UBER,319.92,0.0
07-01-2026,UPI/POS: ZOMATO,372.29,0.0
07-01-2026,UPI/POS: UPI: KIRANA,49.71,0.0
07-01-2026,UPI/POS: UPI: KIRANA,20.4,0.0
07-01-2026,UPI/POS: LOCAL BAKERY,63.49,0.0
07-01-2026,UPI/POS: UPI: AUTO,50.96,0.0
07-01-2026,UPI/POS: UPI: KIRANA,71.58,0.0
08-01-2026,UPI/POS: UPI: AUTO,56.3,0.0
08-01-2026,UPI/POS: NAMMA METRO,36.3,0.0
08-01-2026,UPI/POS: NAMMA METRO,54.94,0.0
08-01-2026,UPI/POS: NAMMA METRO,33.71,0.0
09-01-2026,UPI/POS: UPI: AUTO,68.62,0.0
09-01-2026,UPI/POS: UBER,362.47,0.0
09-01-2026,UPI/POS: UPI: NEHA SPLITWISE,688.95,0.0
09-01-2026,UPI/POS: UPI: AUTO,97.9,0.0
09-01-2026,UPI/POS: BLINKIT,514.67,0.0
09-01-2026,UPI/POS: BLINKIT,407.98,0.0
10-01-2026,UPI/POS: UPI: TEA STALL,27.77,0.0
10-01-2026,UPI/POS: NAMMA METRO,33.92,0.0
10-01-2026,POS: NETFLIX,649.0,0.0
10-01-2026,UPI/POS: BLINKIT,422.56,0.0
10-01-2026,UPI/POS: NAMMA METRO,56.3,0.0
10-01-2026,UPI/POS: UPI: AUTO,78.61,0.0
10-01-2026,BBPS: AIRTEL WIFI,1180.0,0.0
10-01-2026,POS: SPOTIFY,119.0,0.0
10-01-2026,UPI/POS: ZEPTO,293.47,0.0
10-01-2026,UPI/POS: UPI: KIRANA,36.51,0.0
10-01-2026,UPI/POS: UBER,191.46,0.0
11-01-2026,UPI/POS: ZEPTO,379.43,0.0
11-01-2026,UPI/POS: ZEPTO,204.52,0.0
11-01-2026,UPI/POS: BLINKIT,265.9,0.0
11-01-2026,UPI/POS: BLINKIT,168.29,0.0
11-01-2026,UPI/POS: OLA CABS,157.71,0.0
12-01-2026,UPI/POS: UPI: AUTO,52.87,0.0
12-01-2026,UPI/POS: AMAZON,466.3,0.0
12-01-2026,UPI/POS: STARBUCKS,258.44,0.0
12-01-2026,UPI/POS: OLA CABS,145.13,0.0
12-01-2026,UPI/POS: UBER,385.11,0.0
12-01-2026,UPI/POS: UBER,151.98,0.0
12-01-2026,UPI/POS: LOCAL BAKERY,136.54,0.0
12-01-2026,UPI/POS: UPI: AUTO,88.31,0.0
12-01-2026,UPI/POS: NAMMA METRO,59.39,0.0
13-01-2026,UPI/POS: UPI: TEA STALL,26.13,0.0
13-01-2026,UPI/POS: STARBUCKS,328.94,0.0
14-01-2026,UPI/POS: UBER,239.13,0.0
14-01-2026,UPI/POS: UPI: TEA STALL,16.36,0.0
14-01-2026,UPI/POS: UPI: TEA STALL,21.73,0.0
14-01-2026,UPI/POS: ZOMATO,181.85,0.0
14-01-2026,UPI/POS: UBER,187.74,0.0
14-01-2026,UPI/POS: BLINKIT,259.62,0.0
15-01-2026,UPI/POS: UPI: KIRANA,27.83,0.0
15-01-2026,UPI/POS: AMAZON,520.82,0.0
15-01-2026,UPI/POS: OLA CABS,189.89,0.0
15-01-2026,UPI/POS: OLA CABS,120.9,0.0
15-01-2026,UPI/POS: NAMMA METRO,46.61,0.0
15-01-2026,UPI/POS: ZOMATO,339.87,0.0
15-01-2026,UPI/POS: AMAZON,776.12,0.0
16-01-2026,UPI/POS: UPI: TEA STALL,18.91,0.0
16-01-2026,UPI/POS: AMAZON,216.08,0.0
16-01-2026,UPI/POS: ZEPTO,110.36,0.0
16-01-2026,UPI/POS: SWIGGY,241.67,0.0
16-01-2026,UPI/POS: AMAZON,1091.42,0.0
16-01-2026,UPI/POS: ZOMATO,199.03,0.0
17-01-2026,UPI/POS: AMAZON,326.75,0.0
17-01-2026,UPI/POS: STARBUCKS,295.37,0.0
17-01-2026,UPI/POS: BLINKIT,486.13,0.0
17-01-2026,UPI/POS: NAMMA METRO,41.6,0.0
18-01-2026,UPI/POS: ZEPTO,277.83,0.0
18-01-2026,UPI/POS: AMAZON,347.1,0.0
18-01-2026,UPI/POS: UPI: TEA STALL,25.45,0.0
18-01-2026,UPI/POS: UPI: TEA STALL,19.35,0.0
18-01-2026,UPI/POS: UBER,370.7,0.0
18-01-2026,UPI/POS: STARBUCKS,257.74,0.0
19-01-2026,UPI/POS: AMAZON,288.76,0.0
19-01-2026,UPI/POS: OLA CABS,184.27,0.0
19-01-2026,UPI/POS: NAMMA METRO,42.7,0.0
19-01-2026,UPI/POS: UBER,286.58,0.0
19-01-2026,UPI/POS: UBER,373.7,0.0
20-01-2026,UPI/POS: BLINKIT,516.39,0.0
20-01-2026,UPI/POS: LOCAL BAKERY,117.47,0.0
20-01-2026,UPI/POS: UBER,323.34,0.0
21-01-2026,UPI/POS: STARBUCKS,319.37,0.0
21-01-2026,UPI/POS: OLA CABS,164.79,0.0
21-01-2026,UPI/POS: UPI: TEA STALL,28.66,0.0
21-01-2026,UPI/POS: ZOMATO,188.25,0.0
21-01-2026,UPI/POS: ZOMATO,321.51,0.0
22-01-2026,UPI/POS: UPI: KIRANA,41.45,0.0
22-01-2026,UPI/POS: NAMMA METRO,52.51,0.0
22-01-2026,UPI/POS: BLINKIT,275.87,0.0
22-01-2026,UPI/POS: UPI: TEA STALL,23.65,0.0
22-01-2026,UPI/POS: ZEPTO,335.95,0.0
22-01-2026,UPI/POS: NAMMA METRO,55.8,0.0
22-01-2026,UPI/POS: BLINKIT,443.06,0.0
22-01-2026,UPI/POS: UPI: TEA STALL,20.08,0.0
23-01-2026,UPI/POS: ZEPTO,205.4,0.0
23-01-2026,UPI/POS: AMAZON,406.42,0.0
23-01-2026,UPI/POS: OLA CABS,161.9,0.0
23-01-2026,UPI/POS: UPI: KIRANA,57.17,0.0
23-01-2026,UPI/POS: UPI: TEA STALL,27.18,0.0
23-01-2026,UPI/POS: LOCAL BAKERY,100.33,0.0
24-01-2026,UPI/POS: NAMMA METRO,32.55,0.0
24-01-2026,UPI/POS: UPI: KIRANA,39.34,0.0
24-01-2026,UPI/POS: NAMMA METRO,39.53,0.0
24-01-2026,UPI/POS: OLA CABS,205.76,0.0
24-01-2026,UPI/POS: BLINKIT,261.18,0.0
24-01-2026,UPI/POS: ZEPTO,149.75,0.0
25-01-2026,UPI/POS: ZOMATO,258.44,0.0
25-01-2026,UPI/POS: BLINKIT,442.16,0.0
25-01-2026,UPI/POS: AMAZON,1367.21,0.0
25-01-2026,UPI/POS: UPI: KIRANA,32.75,0.0
25-01-2026,UPI/POS: OLA CABS,138.65,0.0
26-01-2026,UPI/POS: ZEPTO,369.21,0.0
26-01-2026,UPI/POS: UPI: AUTO,88.12,0.0
26-01-2026,UPI/POS: UBER,262.46,0.0
26-01-2026,UPI/POS: UBER,257.6,0.0
27-01-2026,UPI/POS: BLINKIT,285.52,0.0
27-01-2026,UPI/POS: UPI: KIRANA,35.62,0.0
27-01-2026,UPI/POS: UPI: TEA STALL,17.04,0.0
27-01-2026,UPI/POS: UPI: AUTO,66.82,0.0
27-01-2026,UPI/POS: UBER,155.28,0.0
28-01-2026,UPI/POS: OLA CABS,107.44,0.0
28-01-2026,UPI/POS: UPI: KIRANA,41.15,0.0
28-01-2026,UPI/POS: UPI: TEA STALL,18.61,0.0
29-01-2026,UPI/POS: STARBUCKS,349.13,0.0
29-01-2026,UPI/POS: OLA CABS,134.64,0.0
29-01-2026,UPI/POS: UBER,200.67,0.0
29-01-2026,UPI/POS: ZEPTO,301.43,0.0
29-01-2026,UPI/POS: ZEPTO,288.36,0.0
29-01-2026,UPI/POS: OLA CABS,291.91,0.0
30-01-2026,UPI/POS: AMAZON,349.37,0.0
30-01-2026,UPI/POS: LOCAL BAKERY,86.18,0.0
30-01-2026,UPI/POS: UBER,372.9,0.0
30-01-2026,UPI/POS: UPI: TEA STALL,21.87,0.0
30-01-2026,UPI/POS: UPI: TEA STALL,17.14,0.0
30-01-2026,UPI/POS: UPI: TEA STALL,17.83,0.0
30-01-2026,UPI/POS: STARBUCKS,293.94,0.0
30-01-2026,UPI/POS: UPI: KIRANA,92.69,0.0
31-01-2026,UPI/POS: AMAZON,988.35,0.0
31-01-2026,UPI/POS: UBER,193.53,0.0
31-01-2026,UPI/POS: UBER,174.96,0.0
31-01-2026,UPI/POS: STARBUCKS,385.52,0.0
31-01-2026,UPI/POS: BLINKIT,528.85,0.0
01-02-2026,UPI/POS: STARBUCKS,257.51,0.0
01-02-2026,UPI/POS: OLA CABS,137.46,0.0
01-02-2026,NEFT: ACME CORP SALARY,0.0,250000.0
01-02-2026,UPI/POS: ZEPTO,169.67,0.0
01-02-2026,UPI/POS: ZEPTO,377.58,0.0
02-02-2026,UPI/POS: ZEPTO,253.2,0.0
02-02-2026,UPI/POS: AMAZON,906.04,0.0
02-02-2026,UPI/POS: SWIGGY,214.49,0.0
02-02-2026,UPI/POS: AMAZON,1313.43,0.0
02-02-2026,UPI: LANDLORD RENT,35000.0,0.0
02-02-2026,UPI/POS: STARBUCKS,280.79,0.0
03-02-2026,UPI/POS: UBER,201.35,0.0
03-02-2026,UPI/POS: NAMMA METRO,43.25,0.0
03-02-2026,UPI/POS: NAMMA METRO,54.89,0.0
03-02-2026,UPI/POS: UBER,194.35,0.0
03-02-2026,UPI/POS: UPI: AMIT SPLITWISE,1904.15,0.0
03-02-2026,UPI/POS: AMAZON,1212.57,0.0
04-02-2026,UPI/POS: UPI: KIRANA,62.31,0.0
04-02-2026,UPI/POS: AMAZON,1328.24,0.0
04-02-2026,UPI/POS: AMAZON,1281.26,0.0
05-02-2026,UPI/POS: AMAZON,490.89,0.0
05-02-2026,UPI/POS: UPI: AUTO,85.55,0.0
05-02-2026,UPI/POS: UPI: KIRANA,44.8,0.0
05-02-2026,UPI/POS: UPI: KIRANA,61.05,0.0
05-02-2026,ACH: HDFC AUTO LOAN,15000.0,0.0
05-02-2026,UPI/POS: UPI: RAHUL SPLITWISE,605.09,0.0
05-02-2026,UPI/POS: STARBUCKS,309.31,0.0
06-02-2026,UPI/POS: OLA CABS,277.62,0.0
06-02-2026,UPI/POS: UBER,371.7,0.0
06-02-2026,UPI/POS: STARBUCKS,374.67,0.0
06-02-2026,UPI/POS: UBER,169.93,0.0
06-02-2026,UPI/POS: ZOMATO,338.23,0.0
06-02-2026,UPI/POS: BLINKIT,537.27,0.0
07-02-2026,UPI/POS: UPI: AUTO,59.2,0.0
07-02-2026,UPI/POS: AMAZON,508.44,0.0
07-02-2026,UPI/POS: BLINKIT,521.36,0.0
07-02-2026,UPI/POS: SWIGGY,327.94,0.0
08-02-2026,UPI/POS: NAMMA METRO,56.46,0.0
08-02-2026,UPI/POS: UPI: NEHA SPLITWISE,614.91,0.0
08-02-2026,UPI/POS: UPI: KIRANA,47.5,0.0
08-02-2026,UPI/POS: OLA CABS,125.98,0.0
09-02-2026,UPI/POS: UPI: TEA STALL,15.55,0.0
09-02-2026,UPI/POS: ZOMATO,367.05,0.0
09-02-2026,UPI/POS: UPI: KIRANA,89.24,0.0
09-02-2026,UPI/POS: ZOMATO,348.11,0.0
09-02-2026,UPI/POS: AMAZON,1443.38,0.0
09-02-2026,UPI/POS: STARBUCKS,297.69,0.0
10-02-2026,UPI/POS: UPI: AUTO,60.59,0.0
10-02-2026,UPI/POS: UPI: KIRANA,96.57,0.0
10-02-2026,UPI/POS: ZOMATO,364.38,0.0
10-02-2026,POS: SPOTIFY,119.0,0.0
10-02-2026,BBPS: AIRTEL WIFI,1180.0,0.0
10-02-2026,UPI/POS: UPI: AUTO,65.65,0.0
10-02-2026,POS: NETFLIX,649.0,0.0
10-02-2026,UPI/POS: UBER,382.41,0.0
11-02-2026,UPI/POS: UPI: TEA STALL,16.46,0.0
11-02-2026,UPI/POS: UPI: AUTO,47.52,0.0
11-02-2026,UPI/POS: UPI: KIRANA,67.34,0.0
11-02-2026,UPI/POS: STARBUCKS,293.27,0.0
12-02-2026,UPI/POS: OLA CABS,182.08,0.0
13-02-2026,UPI/POS: UPI: AUTO,66.41,0.0
14-02-2026,UPI/POS: UPI: AUTO,61.47,0.0
14-02-2026,UPI/POS: UBER,392.2,0.0
14-02-2026,UPI/POS: AMAZON,975.39,0.0
15-02-2026,UPI/POS: STARBUCKS,381.13,0.0
15-02-2026,UPI/POS: OLA CABS,279.09,0.0
15-02-2026,UPI/POS: NAMMA METRO,40.07,0.0
16-02-2026,UPI/POS: AMAZON,946.28,0.0
16-02-2026,UPI/POS: BLINKIT,274.95,0.0
16-02-2026,UPI/POS: NAMMA METRO,47.55,0.0
16-02-2026,UPI/POS: LOCAL BAKERY,58.09,0.0
16-02-2026,UPI/POS: STARBUCKS,261.34,0.0
17-02-2026,UPI/POS: SWIGGY,398.94,0.0
17-02-2026,UPI/POS: NAMMA METRO,33.45,0.0
17-02-2026,UPI/POS: UPI: KIRANA,25.27,0.0
18-02-2026,UPI/POS: SWIGGY,388.26,0.0
18-02-2026,UPI/POS: UPI: KIRANA,52.52,0.0
18-02-2026,UPI/POS: UBER,352.32,0.0
18-02-2026,UPI/POS: UPI: TEA STALL,26.19,0.0
18-02-2026,UPI/POS: UBER,312.95,0.0
19-02-2026,UPI/POS: NAMMA METRO,33.21,0.0
19-02-2026,UPI/POS: UBER,290.5,0.0
19-02-2026,UPI/POS: ZOMATO,209.68,0.0
19-02-2026,UPI/POS: UBER,389.73,0.0
20-02-2026,UPI/POS: BLINKIT,197.23,0.0
20-02-2026,UPI/POS: BLINKIT,598.18,0.0
21-02-2026,UPI/POS: BLINKIT,291.31,0.0
21-02-2026,UPI/POS: UPI: TEA STALL,22.5,0.0
22-02-2026,UPI/POS: UPI: TEA STALL,23.83,0.0
22-02-2026,UPI/POS: ZOMATO,352.84,0.0
22-02-2026,UPI/POS: AMAZON,260.26,0.0
22-02-2026,UPI/POS: NAMMA METRO,58.68,0.0
22-02-2026,UPI/POS: ZOMATO,248.15,0.0
22-02-2026,UPI/POS: BLINKIT,435.02,0.0
22-02-2026,UPI/POS: ZOMATO,315.41,0.0
23-02-2026,UPI/POS: AMAZON,1118.99,0.0
23-02-2026,UPI/POS: NAMMA METRO,37.3,0.0
23-02-2026,UPI/POS: ZOMATO,182.7,0.0
24-02-2026,UPI/POS: NAMMA METRO,51.26,0.0
24-02-2026,UPI/POS: BLINKIT,383.53,0.0
24-02-2026,UPI/POS: UBER,295.16,0.0
24-02-2026,UPI/POS: STARBUCKS,311.21,0.0
24-02-2026,UPI/POS: AMAZON,397.96,0.0
24-02-2026,UPI/POS: ZEPTO,274.08,0.0
25-02-2026,UPI/POS: LOCAL BAKERY,57.37,0.0
25-02-2026,UPI/POS: LOCAL BAKERY,117.27,0.0
25-02-2026,UPI/POS: OLA CABS,255.21,0.0
25-02-2026,UPI/POS: BLINKIT,561.75,0.0
25-02-2026,UPI/POS: NAMMA METRO,34.33,0.0
25-02-2026,UPI/POS: OLA CABS,174.67,0.0
25-02-2026,UPI/POS: OLA CABS,284.51,0.0
25-02-2026,UPI/POS: OLA CABS,197.03,0.0
26-02-2026,UPI/POS: NAMMA METRO,36.69,0.0
26-02-2026,UPI/POS: UPI: KIRANA,73.45,0.0
26-02-2026,UPI/POS: UPI: AUTO,97.7,0.0
26-02-2026,UPI/POS: UPI: KIRANA,38.87,0.0
27-02-2026,UPI/POS: UPI: AUTO,52.82,0.0
27-02-2026,UPI/POS: STARBUCKS,386.51,0.0
27-02-2026,UPI/POS: OLA CABS,238.85,0.0
28-02-2026,UPI/POS: LOCAL BAKERY,75.78,0.0
28-02-2026,UPI/POS: ZOMATO,297.63,0.0
28-02-2026,UPI/POS: NAMMA METRO,35.1,0.0
01-03-2026,UPI/POS: ZOMATO,189.94,0.0
01-03-2026,UPI/POS: ZEPTO,206.01,0.0
01-03-2026,UPI/POS: STARBUCKS,355.31,0.0
01-03-2026,NEFT: ACME CORP SALARY,0.0,250000.0
01-03-2026,UPI/POS: UPI: KIRANA,49.74,0.0
01-03-2026,UPI/POS: ZEPTO,346.13,0.0
01-03-2026,UPI/POS: UPI: AMIT SPLITWISE,1681.65,0.0
01-03-2026,UPI/POS: SWIGGY,354.45,0.0
02-03-2026,UPI/POS: AMAZON,1365.74,0.0
02-03-2026,UPI: LANDLORD RENT,35000.0,0.0
02-03-2026,UPI/POS: OLA CABS,119.72,0.0
03-03-2026,UPI/POS: BLINKIT,522.53,0.0
03-03-2026,UPI/POS: LOCAL BAKERY,113.8,0.0
03-03-2026,UPI/POS: NAMMA METRO,49.65,0.0
03-03-2026,UPI/POS: ZOMATO,200.35,0.0
03-03-2026,UPI/POS: UPI: AMIT SPLITWISE,529.92,0.0
03-03-2026,UPI/POS: UPI: AUTO,89.7,0.0
04-03-2026,UPI/POS: OLA CABS,236.98,0.0
04-03-2026,UPI/POS: LOCAL BAKERY,70.84,0.0
04-03-2026,UPI/POS: BLINKIT,483.27,0.0
05-03-2026,UPI/POS: UPI: KIRANA,97.4,0.0
05-03-2026,UPI/POS: UPI: AUTO,90.71,0.0
05-03-2026,ACH: HDFC AUTO LOAN,15000.0,0.0
05-03-2026,UPI/POS: UPI: KIRANA,91.6,0.0
05-03-2026,UPI/POS: OLA CABS,171.49,0.0
05-03-2026,UPI/POS: SWIGGY,372.44,0.0
06-03-2026,UPI/POS: ZEPTO,168.52,0.0
06-03-2026,UPI/POS: SWIGGY,287.39,0.0
06-03-2026,UPI/POS: NAMMA METRO,48.03,0.0
06-03-2026,UPI/POS: NAMMA METRO,47.81,0.0
06-03-2026,UPI/POS: UBER,331.62,0.0
06-03-2026,UPI/POS: ZEPTO,250.37,0.0
07-03-2026,UPI/POS: UPI: KIRANA,68.47,0.0
07-03-2026,UPI/POS: UPI: TEA STALL,27.22,0.0
07-03-2026,UPI/POS: ZOMATO,336.3,0.0
07-03-2026,UPI/POS: ZOMATO,235.02,0.0
07-03-2026,UPI/POS: UPI: TEA STALL,19.34,0.0
07-03-2026,UPI/POS: AMAZON,567.83,0.0
07-03-2026,UPI/POS: SWIGGY,175.04,0.0
07-03-2026,UPI/POS: OLA CABS,199.37,0.0
08-03-2026,UPI/POS: ZEPTO,390.78,0.0
08-03-2026,UPI/POS: UPI: AUTO,55.97,0.0
08-03-2026,UPI/POS: OLA CABS,146.29,0.0
08-03-2026,UPI/POS: OLA CABS,137.39,0.0
08-03-2026,UPI/POS: UPI: AUTO,49.42,0.0
08-03-2026,UPI/POS: UPI: AMIT SPLITWISE,1334.74,0.0
08-03-2026,UPI/POS: STARBUCKS,349.94,0.0
08-03-2026,UPI/POS: STARBUCKS,398.49,0.0
09-03-2026,UPI/POS: UPI: AUTO,81.95,0.0
09-03-2026,UPI/POS: UPI: TEA STALL,19.43,0.0
09-03-2026,UPI/POS: NAMMA METRO,39.39,0.0
10-03-2026,POS: NETFLIX,649.0,0.0
10-03-2026,BBPS: AIRTEL WIFI,1180.0,0.0
10-03-2026,UPI/POS: UBER,364.32,0.0
10-03-2026,POS: SPOTIFY,119.0,0.0
10-03-2026,UPI/POS: BLINKIT,512.69,0.0
11-03-2026,UPI/POS: LOCAL BAKERY,87.06,0.0
11-03-2026,UPI/POS: UBER,253.97,0.0
12-03-2026,UPI/POS: UPI: KIRANA,61.31,0.0
12-03-2026,UPI/POS: ZEPTO,247.86,0.0
12-03-2026,UPI/POS: AMAZON,765.19,0.0
13-03-2026,UPI/POS: NAMMA METRO,36.34,0.0
13-03-2026,UPI/POS: AMAZON,322.7,0.0
13-03-2026,UPI/POS: BLINKIT,467.75,0.0
13-03-2026,UPI/POS: ZOMATO,323.95,0.0
13-03-2026,UPI/POS: LOCAL BAKERY,86.41,0.0
13-03-2026,UPI/POS: UPI: TEA STALL,27.84,0.0
14-03-2026,UPI/POS: UPI: TEA STALL,21.62,0.0
14-03-2026,UPI/POS: BLINKIT,181.39,0.0
14-03-2026,UPI/POS: BLINKIT,500.46,0.0
15-03-2026,UPI/POS: ZEPTO,302.25,0.0
15-03-2026,UPI/POS: LOCAL BAKERY,141.82,0.0
15-03-2026,UPI/POS: AMAZON,604.19,0.0
15-03-2026,UPI/POS: UPI: AUTO,66.52,0.0
15-03-2026,UPI/POS: STARBUCKS,344.09,0.0
15-03-2026,UPI/POS: UBER,354.06,0.0
15-03-2026,UPI/POS: UPI: AUTO,90.86,0.0
15-03-2026,UPI/POS: LOCAL BAKERY,96.65,0.0
16-03-2026,UPI/POS: UPI: KIRANA,97.59,0.0
16-03-2026,UPI/POS: SWIGGY,172.56,0.0
16-03-2026,UPI/POS: LOCAL BAKERY,61.5,0.0
16-03-2026,UPI/POS: BLINKIT,456.59,0.0
16-03-2026,UPI/POS: OLA CABS,137.01,0.0
17-03-2026,UPI/POS: STARBUCKS,254.56,0.0
17-03-2026,UPI/POS: ZOMATO,168.3,0.0
17-03-2026,UPI/POS: NAMMA METRO,36.4,0.0
17-03-2026,UPI/POS: NAMMA METRO,40.77,0.0
17-03-2026,UPI/POS: UPI: KIRANA,92.2,0.0
18-03-2026,UPI/POS: ZOMATO,355.57,0.0
18-03-2026,UPI/POS: UBER,180.58,0.0
18-03-2026,UPI/POS: UBER,335.1,0.0
18-03-2026,UPI/POS: SWIGGY,187.74,0.0
18-03-2026,UPI/POS: SWIGGY,197.28,0.0
19-03-2026,UPI/POS: LOCAL BAKERY,51.26,0.0
19-03-2026,UPI/POS: UBER,186.47,0.0
19-03-2026,UPI/POS: OLA CABS,139.96,0.0
19-03-2026,UPI/POS: NAMMA METRO,59.57,0.0
19-03-2026,UPI/POS: AMAZON,478.47,0.0
19-03-2026,UPI/POS: ZOMATO,349.21,0.0
19-03-2026,UPI/POS: SWIGGY,359.77,0.0
19-03-2026,UPI/POS: UPI: KIRANA,84.25,0.0
19-03-2026,UPI/POS: ZOMATO,191.9,0.0
20-03-2026,UPI/POS: AMAZON,434.67,0.0
20-03-2026,UPI/POS: UPI: KIRANA,54.04,0.0
20-03-2026,UPI/POS: SWIGGY,247.78,0.0
21-03-2026,UPI/POS: UPI: TEA STALL,23.18,0.0
21-03-2026,UPI/POS: UPI: AUTO,53.67,0.0
21-03-2026,UPI/POS: NAMMA METRO,42.73,0.0
21-03-2026,UPI/POS: OLA CABS,261.27,0.0
21-03-2026,UPI/POS: SWIGGY,394.79,0.0
21-03-2026,UPI/POS: NAMMA METRO,30.1,0.0
21-03-2026,UPI/POS: NAMMA METRO,59.07,0.0
22-03-2026,UPI/POS: SWIGGY,166.65,0.0
22-03-2026,UPI/POS: UPI: AUTO,84.5,0.0
22-03-2026,UPI/POS: LOCAL BAKERY,113.23,0.0
23-03-2026,UPI/POS: UPI: AUTO,43.48,0.0
23-03-2026,UPI/POS: UPI: TEA STALL,21.12,0.0
23-03-2026,UPI/POS: UPI: TEA STALL,16.85,0.0
23-03-2026,UPI/POS: SWIGGY,167.46,0.0
23-03-2026,UPI/POS: UPI: PRIYA SPLITWISE,1248.81,0.0
23-03-2026,UPI/POS: LOCAL BAKERY,148.81,0.0
23-03-2026,UPI/POS: UPI: KIRANA,55.29,0.0
23-03-2026,UPI/POS: LOCAL BAKERY,110.19,0.0
24-03-2026,UPI/POS: BLINKIT,496.49,0.0
24-03-2026,UPI/POS: NAMMA METRO,38.63,0.0
24-03-2026,UPI/POS: ZEPTO,367.54,0.0
24-03-2026,UPI/POS: ZEPTO,184.88,0.0
25-03-2026,UPI/POS: OLA CABS,252.15,0.0
25-03-2026,UPI/POS: UPI: AMIT SPLITWISE,1267.38,0.0
25-03-2026,UPI/POS: OLA CABS,162.87,0.0
25-03-2026,UPI/POS: SWIGGY,151.17,0.0
25-03-2026,UPI/POS: BLINKIT,278.59,0.0
26-03-2026,UPI/POS: BLINKIT,328.01,0.0
27-03-2026,UPI/POS: SWIGGY,183.6,0.0
27-03-2026,UPI/POS: UPI: KIRANA,77.0,0.0
27-03-2026,UPI/POS: UPI: TEA STALL,20.26,0.0
27-03-2026,UPI/POS: UPI: NEHA SPLITWISE,1627.38,0.0
27-03-2026,UPI/POS: LOCAL BAKERY,117.11,0.0
28-03-2026,UPI/POS: ZEPTO,219.2,0.0
28-03-2026,UPI/POS: UPI: TEA STALL,17.45,0.0
28-03-2026,UPI/POS: OLA CABS,153.5,0.0
28-03-2026,UPI/POS: ZEPTO,328.12,0.0
28-03-2026,UPI/POS: ZOMATO,281.94,0.0
28-03-2026,UPI/POS: UPI: AMIT SPLITWISE,1597.62,0.0
28-03-2026,UPI/POS: AMAZON,1009.01,0.0
28-03-2026,UPI/POS: BLINKIT,247.44,0.0
28-03-2026,UPI/POS: AMAZON,219.38,0.0
28-03-2026,UPI/POS: ZEPTO,128.51,0.0
28-03-2026,UPI/POS: UPI: KIRANA,48.18,0.0
28-03-2026,UPI/POS: UPI: TEA STALL,24.42,0.0
28-03-2026,UPI/POS: UPI: TEA STALL,21.09,0.0
29-03-2026,UPI/POS: STARBUCKS,342.96,0.0
29-03-2026,UPI/POS: SWIGGY,393.22,0.0
29-03-2026,UPI/POS: ZEPTO,258.7,0.0
29-03-2026,UPI/POS: AMAZON,775.43,0.0
29-03-2026,UPI/POS: UPI: AUTO,41.58,0.0
29-03-2026,UPI/POS: SWIGGY,287.44,0.0
29-03-2026,UPI/POS: UPI: TEA STALL,26.58,0.0
30-03-2026,UPI/POS: SWIGGY,260.01,0.0
31-03-2026,UPI/POS: OLA CABS,213.55,0.0
31-03-2026,UPI/POS: UPI: KIRANA,96.86,0.0
31-03-2026,UPI/POS: ZOMATO,172.7,0.0
31-03-2026,UPI/POS: UPI: AUTO,41.2,0.0
31-03-2026,UPI/POS: OLA CABS,272.09,0.0
31-03-2026,UPI/POS: UPI: KIRANA,67.34,0.0
01-04-2026,UPI/POS: BLINKIT,564.17,0.0
01-04-2026,UPI/POS: STARBUCKS,282.49,0.0
01-04-2026,UPI/POS: LOCAL BAKERY,79.46,0.0
01-04-2026,UPI/POS: ZOMATO,195.84,0.0
02-04-2026,UPI/POS: ZEPTO,346.9,0.0
02-04-2026,UPI/POS: OLA CABS,106.48,0.0
02-04-2026,UPI/POS: STARBUCKS,369.41,0.0
02-04-2026,UPI/POS: STARBUCKS,321.84,0.0
02-04-2026,UPI/POS: UBER,159.87,0.0
03-04-2026,UPI/POS: UPI: TEA STALL,28.95,0.0
03-04-2026,UPI/POS: BLINKIT,490.82,0.0
03-04-2026,UPI/POS: ZOMATO,223.2,0.0
03-04-2026,UPI/POS: UBER,234.54,0.0
03-04-2026,UPI/POS: UPI: AUTO,54.41,0.0
04-04-2026,UPI/POS: UPI: RAHUL SPLITWISE,1006.87,0.0
04-04-2026,UPI/POS: AMAZON,1269.41,0.0
05-04-2026,UPI/POS: SWIGGY,292.32,0.0
05-04-2026,UPI/POS: ZEPTO,156.01,0.0
05-04-2026,UPI/POS: SWIGGY,258.93,0.0
06-04-2026,UPI/POS: AMAZON,1266.65,0.0
06-04-2026,UPI/POS: SWIGGY,172.88,0.0
06-04-2026,UPI/POS: UPI: NEHA SPLITWISE,1066.03,0.0
06-04-2026,UPI/POS: UBER,302.75,0.0
06-04-2026,UPI/POS: NAMMA METRO,49.92,0.0
07-04-2026,UPI/POS: UPI: AUTO,88.01,0.0
07-04-2026,UPI/POS: UPI: KIRANA,30.72,0.0
07-04-2026,UPI/POS: AMAZON,1432.77,0.0
07-04-2026,UPI/POS: ZEPTO,253.23,0.0
07-04-2026,UPI/POS: UPI: PRIYA SPLITWISE,1060.98,0.0
07-04-2026,UPI/POS: UPI: KIRANA,30.44,0.0
08-04-2026,UPI/POS: UBER,291.97,0.0
08-04-2026,UPI/POS: ZEPTO,231.17,0.0
09-04-2026,UPI/POS: ZEPTO,131.47,0.0
09-04-2026,UPI/POS: BLINKIT,497.41,0.0
09-04-2026,UPI/POS: UPI: KIRANA,40.23,0.0
09-04-2026,UPI/POS: SWIGGY,245.57,0.0
09-04-2026,UPI/POS: LOCAL BAKERY,79.14,0.0
09-04-2026,UPI/POS: STARBUCKS,333.38,0.0
09-04-2026,UPI/POS: BLINKIT,320.25,0.0
09-04-2026,UPI/POS: AMAZON,794.15,0.0
10-04-2026,UPI/POS: UPI: KIRANA,47.95,0.0
10-04-2026,UPI/POS: SWIGGY,258.99,0.0
10-04-2026,UPI/POS: UPI: AUTO,70.45,0.0
10-04-2026,UPI/POS: UPI: AUTO,83.86,0.0
11-04-2026,UPI/POS: OLA CABS,177.72,0.0
11-04-2026,UPI/POS: UBER,279.15,0.0
11-04-2026,UPI/POS: STARBUCKS,287.36,0.0
11-04-2026,UPI/POS: BLINKIT,350.08,0.0
12-04-2026,UPI/POS: UBER,259.21,0.0
12-04-2026,UPI/POS: UPI: TEA STALL,26.15,0.0
12-04-2026,UPI/POS: UPI: RAHUL SPLITWISE,1884.09,0.0
12-04-2026,UPI/POS: AMAZON,1052.85,0.0
12-04-2026,UPI/POS: UBER,229.05,0.0
12-04-2026,UPI/POS: UBER,389.38,0.0
13-04-2026,UPI/POS: UBER,308.86,0.0
13-04-2026,UPI/POS: OLA CABS,229.33,0.0
14-04-2026,UPI/POS: SWIGGY,192.16,0.0
14-04-2026,UPI/POS: NAMMA METRO,55.57,0.0
14-04-2026,UPI/POS: BLINKIT,233.33,0.0
15-04-2026,UPI/POS: BLINKIT,512.72,0.0
15-04-2026,UPI/POS: ZEPTO,387.79,0.0
15-04-2026,UPI/POS: UPI: AUTO,49.19,0.0
15-04-2026,UPI/POS: AMAZON,500.51,0.0
16-04-2026,UPI/POS: NAMMA METRO,49.61,0.0
16-04-2026,UPI/POS: OLA CABS,123.58,0.0
16-04-2026,UPI/POS: LOCAL BAKERY,67.99,0.0
16-04-2026,UPI/POS: UBER,215.05,0.0
16-04-2026,UPI/POS: NAMMA METRO,43.98,0.0
17-04-2026,UPI/POS: ZEPTO,276.18,0.0
17-04-2026,UPI/POS: NAMMA METRO,35.87,0.0
17-04-2026,UPI/POS: STARBUCKS,304.29,0.0
17-04-2026,UPI/POS: UPI: TEA STALL,26.86,0.0
17-04-2026,UPI/POS: UPI: AUTO,62.77,0.0
17-04-2026,UPI/POS: NAMMA METRO,33.4,0.0
17-04-2026,UPI/POS: NAMMA METRO,51.31,0.0
18-04-2026,UPI/POS: ZEPTO,163.75,0.0
18-04-2026,UPI/POS: BLINKIT,493.01,0.0
18-04-2026,UPI/POS: ZEPTO,341.19,0.0
18-04-2026,UPI/POS: BLINKIT,276.61,0.0
18-04-2026,UPI/POS: NAMMA METRO,31.56,0.0
18-04-2026,UPI/POS: UPI: TEA STALL,29.9,0.0
18-04-2026,UPI/POS: UBER,288.14,0.0
19-04-2026,UPI/POS: UPI: TEA STALL,29.82,0.0
19-04-2026,UPI/POS: OLA CABS,292.96,0.0
19-04-2026,UPI/POS: UPI: AUTO,43.51,0.0
19-04-2026,UPI/POS: NAMMA METRO,45.19,0.0
19-04-2026,UPI/POS: BLINKIT,571.26,0.0
19-04-2026,UPI/POS: UPI: TEA STALL,26.11,0.0
20-04-2026,UPI/POS: BLINKIT,425.79,0.0
20-04-2026,UPI/POS: STARBUCKS,267.78,0.0
20-04-2026,UPI/POS: UPI: KIRANA,90.75,0.0
20-04-2026,UPI/POS: SWIGGY,188.14,0.0
20-04-2026,UPI/POS: OLA CABS,215.17,0.0
21-04-2026,UPI/POS: UPI: AUTO,54.23,0.0
21-04-2026,UPI/POS: STARBUCKS,288.08,0.0
21-04-2026,UPI/POS: BLINKIT,511.08,0.0
21-04-2026,UPI/POS: UBER,299.09,0.0
21-04-2026,UPI/POS: UPI: AUTO,92.97,0.0
22-04-2026,UPI/POS: ZOMATO,214.83,0.0
22-04-2026,UPI/POS: UPI: AUTO,77.79,0.0
22-04-2026,UPI/POS: SWIGGY,159.39,0.0
22-04-2026,UPI/POS: UPI: KIRANA,29.84,0.0
22-04-2026,UPI/POS: STARBUCKS,385.36,0.0
22-04-2026,UPI/POS: STARBUCKS,324.93,0.0
22-04-2026,UPI/POS: UBER,189.12,0.0
22-04-2026,UPI/POS: AMAZON,1166.35,0.0
23-04-2026,UPI/POS: AMAZON,586.1,0.0
23-04-2026,UPI/POS: UPI: TEA STALL,18.84,0.0
23-04-2026,UPI/POS: AMAZON,1437.71,0.0
23-04-2026,UPI/POS: OLA CABS,213.66,0.0
23-04-2026,UPI/POS: UPI: TEA STALL,15.71,0.0
24-04-2026,UPI/POS: ZOMATO,157.92,0.0
24-04-2026,UPI/POS: UPI: AUTO,83.23,0.0
24-04-2026,UPI/POS: BLINKIT,243.88,0.0
24-04-2026,UPI/POS: UPI: AUTO,57.95,0.0
25-04-2026,UPI/POS: UPI: KIRANA,93.98,0.0
25-04-2026,UPI/POS: UPI: RAHUL SPLITWISE,111.37,0.0
25-04-2026,UPI/POS: ZEPTO,347.74,0.0
25-04-2026,UPI/POS: SWIGGY,359.65,0.0
25-04-2026,UPI/POS: ZEPTO,290.87,0.0
25-04-2026,UPI/POS: UBER,165.12,0.0
25-04-2026,UPI/POS: LOCAL BAKERY,104.82,0.0
25-04-2026,UPI/POS: ZOMATO,199.33,0.0
26-04-2026,UPI/POS: OLA CABS,255.48,0.0
26-04-2026,UPI/POS: SWIGGY,150.45,0.0
27-04-2026,UPI/POS: SWIGGY,213.91,0.0
27-04-2026,UPI/POS: UPI: KIRANA,94.37,0.0
27-04-2026,UPI/POS: UPI: KIRANA,60.54,0.0
27-04-2026,UPI/POS: LOCAL BAKERY,67.71,0.0
27-04-2026,UPI/POS: UPI: AUTO,95.47,0.0
