Txn Date,Description,Debit,Credit,Balance
01-01-2024,NEFT: SALARY CREDIT,0.0,200000.0,300000.0
01-01-2024,NEFT: SALARY CREDIT,0.0,200000.0,500000.0
02-01-2024,UPI: RENT,30000.0,0.0,470000.0
02-01-2024,UPI: RENT,30000.0,0.0,440000.0
05-01-2024,ACH: LOAN EMI,90000.0,0.0,350000.0
05-01-2024,ACH: LOAN EMI,90000.0,0.0,260000.0
07-01-2024,UPI/POS: ATM WITHDRAWAL,2651.22,0.0,257348.78
08-01-2024,UPI/POS: STARBUCKS,264.78,0.0,257084.0
08-01-2024,UPI/POS: APOLLO PHARMACY,463.04,0.0,256620.96
09-01-2024,UPI/POS: SWIGGY,376.99,0.0,256243.97
10-01-2024,POS: NETFLIX,649.0,0.0,255594.97
10-01-2024,POS: NETFLIX,649.0,0.0,254945.97
10-01-2024,UPI/POS: MCDONALDS,567.12,0.0,254378.85
12-01-2024,ACH: PERSONAL LOAN EMI,30000.0,0.0,224378.85
12-01-2024,ACH: PERSONAL LOAN EMI,30000.0,0.0,194378.85
14-01-2024,UPI/POS: AMAZON,683.57,0.0,193695.28
15-01-2024,UPI/POS: UPI: RAHUL SPLIT,419.35,0.0,193275.93
15-01-2024,UPI/POS: ZOMATO,396.13,0.0,192879.8
17-01-2024,UPI/POS: UPI: MAID,2890.72,0.0,189989.08
18-01-2024,CREDIT CARD BILL,40000.0,0.0,149989.08
18-01-2024,UPI/POS: APOLLO PHARMACY,419.58,0.0,149569.5
18-01-2024,CREDIT CARD BILL,40000.0,0.0,109569.5
21-01-2024,UPI/POS: ATM WITHDRAWAL,4524.38,0.0,105045.12
24-01-2024,UPI/POS: OLA CABS,155.6,0.0,104889.51999999999
24-01-2024,UPI/POS: INDIAN OIL,1922.24,0.0,102967.27999999998
26-01-2024,UPI/POS: UPI: MOM,4608.0,0.0,98359.27999999998
28-01-2024,UPI/POS: BLINKIT,627.55,0.0,97731.72999999998
01-02-2024,UPI/POS: INSTAMART,403.19,0.0,97328.53999999998
07-02-2024,UPI/POS: ZOMATO,568.17,0.0,96760.36999999998
08-02-2024,UPI/POS: BIGBASKET,2070.26,0.0,94690.10999999999
09-02-2024,UPI/POS: UPI: MAID,2483.27,0.0,92206.83999999998
10-02-2024,UPI/POS: SWIGGY,748.99,0.0,91457.84999999998
11-02-2024,UPI/POS: CULT FIT,1500.0,0.0,89957.84999999998
14-02-2024,UPI/POS: UPI: MAID,1622.71,0.0,88335.13999999997
17-02-2024,UPI/POS: PRACTO,783.87,0.0,87551.26999999997
20-02-2024,UPI/POS: INSTAMART,433.45,0.0,87117.81999999998
22-02-2024,UPI/POS: BLINKIT,476.87,0.0,86640.94999999998
22-02-2024,UPI/POS: UPI: RAHUL SPLIT,537.2,0.0,86103.74999999999
24-02-2024,UPI/POS: APOLLO PHARMACY,380.16,0.0,85723.58999999998
25-02-2024,UPI/POS: UPI: RAHUL SPLIT,201.27,0.0,85522.31999999998
27-02-2024,UPI/POS: ZOMATO,568.58,0.0,84953.73999999998
28-02-2024,UPI/POS: ATM WITHDRAWAL,9256.96,0.0,75696.77999999997
01-03-2024,NEFT: SALARY CREDIT,0.0,200000.0,275696.77999999997
01-03-2024,NEFT: SALARY CREDIT,0.0,200000.0,475696.77999999997
02-03-2024,UPI: RENT,30000.0,0.0,445696.77999999997
02-03-2024,UPI: RENT,30000.0,0.0,415696.77999999997
03-03-2024,UPI/POS: BIGBASKET,2877.12,0.0,412819.66
04-03-2024,UPI/POS: BLINKIT,534.92,0.0,412284.74
05-03-2024,ACH: LOAN EMI,90000.0,0.0,322284.74
05-03-2024,ACH: LOAN EMI,90000.0,0.0,232284.74
05-03-2024,UPI/POS: MYNTRA,3864.7,0.0,228420.03999999998
05-03-2024,UPI/POS: ATM WITHDRAWAL,3427.72,0.0,224992.31999999998
06-03-2024,UPI/POS: INDIAN OIL,2292.34,0.0,222699.97999999998
09-03-2024,UPI/POS: ZOMATO,788.07,0.0,221911.90999999997
10-03-2024,POS: NETFLIX,649.0,0.0,221262.90999999997
10-03-2024,POS: NETFLIX,649.0,0.0,220613.90999999997
11-03-2024,UPI/POS: ATM WITHDRAWAL,4656.61,0.0,215957.3
12-03-2024,ACH: PERSONAL LOAN EMI,30000.0,0.0,185957.3
12-03-2024,ACH: PERSONAL LOAN EMI,30000.0,0.0,155957.3
12-03-2024,UPI/POS: ATM WITHDRAWAL,9350.96,0.0,146606.34
14-03-2024,UPI/POS: NAMMA METRO,83.53,0.0,146522.81
15-03-2024,UPI/POS: ZOMATO,447.81,0.0,146075.0
16-03-2024,UPI/POS: D-MART,4580.94,0.0,141494.06
16-03-2024,UPI/POS: AMAZON,2531.6,0.0,138962.46
18-03-2024,CREDIT CARD BILL,40000.0,0.0,98962.45999999999
18-03-2024,CREDIT CARD BILL,40000.0,0.0,58962.45999999999
22-03-2024,UPI/POS: UBER,260.51,0.0,58701.94999999999
25-03-2024,UPI/POS: MCDONALDS,517.56,0.0,58184.38999999999
27-03-2024,UPI/POS: ATM WITHDRAWAL,4401.61,0.0,53782.77999999999
01-04-2024,UPI/POS: BIGBASKET,1878.46,0.0,51904.31999999999
01-04-2024,UPI/POS: FLIPKART,1677.46,0.0,50226.85999999999
01-04-2024,NEFT: SALARY CREDIT,0.0,200000.0,250226.86
02-04-2024,UPI: RENT,30000.0,0.0,220226.86
03-04-2024,UPI/POS: ATM WITHDRAWAL,7041.79,0.0,213185.06999999998
03-04-2024,UPI/POS: APOLLO PHARMACY,341.57,0.0,212843.49999999997
05-04-2024,ACH: LOAN EMI,90000.0,0.0,122843.49999999997
06-04-2024,UPI/POS: PRACTO,853.13,0.0,121990.36999999997
10-04-2024,POS: NETFLIX,649.0,0.0,121341.36999999997
11-04-2024,UPI/POS: MCDONALDS,237.16,0.0,121104.20999999996
11-04-2024,UPI/POS: INDIAN OIL,2847.01,0.0,118257.19999999997
12-04-2024,ACH: PERSONAL LOAN EMI,30000.0,0.0,88257.19999999997
14-04-2024,UPI/POS: FLIPKART,1105.03,0.0,87152.16999999997
14-04-2024,UPI/POS: NAMMA METRO,81.94,0.0,87070.22999999997
18-04-2024,CREDIT CARD BILL,40000.0,0.0,47070.22999999997
21-04-2024,UPI/POS: AMAZON,1653.83,0.0,45416.399999999965
23-04-2024,UPI/POS: AMAZON,2755.93,0.0,42660.469999999965
25-04-2024,UPI/POS: BIGBASKET,1446.9,0.0,41213.56999999996
26-04-2024,UPI/POS: ATM WITHDRAWAL,2381.53,0.0,38832.039999999964
28-04-2024,UPI/POS: MYNTRA,2703.83,0.0,36128.20999999996
28-04-2024,UPI/POS: AMAZON,1481.81,0.0,34646.399999999965
01-05-2024,NEFT: SALARY CREDIT,0.0,200000.0,234646.39999999997
01-05-2024,UPI/POS: AMAZON,535.33,0.0,234111.06999999998
02-05-2024,UPI: RENT,30000.0,0.0,204111.06999999998
02-05-2024,UPI/POS: BIGBASKET,1409.58,0.0,202701.49
02-05-2024,UPI/POS: OLA CABS,209.94,0.0,202491.55
04-05-2024,UPI/POS: OLA CABS,368.64,0.0,202122.90999999997
05-05-2024,ACH: LOAN EMI,90000.0,0.0,112122.90999999997
05-05-2024,UPI/POS: UPI: MOM,4287.93,0.0,107834.97999999998
07-05-2024,UPI/POS: BIGBASKET,1326.24,0.0,106508.73999999998
10-05-2024,POS: NETFLIX,649.0,0.0,105859.73999999998
10-05-2024,UPI/POS: ZOMATO,588.54,0.0,105271.19999999998
12-05-2024,ACH: PERSONAL LOAN EMI,30000.0,0.0,75271.19999999998
13-05-2024,UPI/POS: UBER,347.36,0.0,74923.83999999998
15-05-2024,UPI/POS: FLIPKART,1319.52,0.0,73604.31999999998
16-05-2024,UPI/POS: INDIAN OIL,1682.37,0.0,71921.94999999998
17-05-2024,UPI/POS: CULT FIT,1500.0,0.0,70421.94999999998
18-05-2024,CREDIT CARD BILL,40000.0,0.0,30421.949999999983
19-05-2024,UPI/POS: ATM WITHDRAWAL,4336.05,0.0,26085.899999999983
19-05-2024,UPI/POS: APOLLO PHARMACY,236.6,0.0,25849.299999999985
22-05-2024,UPI/POS: UPI: MOM,3210.72,0.0,22638.579999999984
25-05-2024,UPI/POS: MYNTRA,2301.08,0.0,20337.499999999985
01-06-2024,NEFT: SALARY CREDIT,0.0,200000.0,220337.5
01-06-2024,UPI/POS: PRACTO,570.2,0.0,219767.3
02-06-2024,UPI: RENT,30000.0,0.0,189767.3
04-06-2024,UPI/POS: ATM WITHDRAWAL,7123.42,0.0,182643.87999999998
05-06-2024,UPI/POS: INSTAMART,320.17,0.0,182323.70999999996
05-06-2024,ACH: LOAN EMI,90000.0,0.0,92323.70999999996
05-06-2024,UPI/POS: ATM WITHDRAWAL,4232.56,0.0,88091.14999999997
10-06-2024,POS: NETFLIX,649.0,0.0,87442.14999999997
10-06-2024,UPI/POS: ATM WITHDRAWAL,7504.9,0.0,79937.24999999997
10-06-2024,UPI/POS: ATM WITHDRAWAL,5707.85,0.0,74229.39999999997
11-06-2024,UPI/POS: CULT FIT,1500.0,0.0,72729.39999999997
11-06-2024,UPI/POS: FLIPKART,1355.23,0.0,71374.16999999997
12-06-2024,UPI/POS: STARBUCKS,387.74,0.0,70986.42999999996
12-06-2024,ACH: PERSONAL LOAN EMI,30000.0,0.0,40986.429999999964
13-06-2024,UPI/POS: UPI: MAID,2845.87,0.0,38140.55999999996
14-06-2024,UPI/POS: UBER,254.45,0.0,37886.109999999964
17-06-2024,UPI/POS: PRACTO,748.65,0.0,37137.45999999996
18-06-2024,UPI/POS: MYNTRA,1682.99,0.0,35454.469999999965
18-06-2024,CREDIT CARD BILL,40000.0,0.0,-4545.530000000035
24-06-2024,UPI/POS: ATM WITHDRAWAL,9777.52,0.0,-14323.050000000036
24-06-2024,UPI/POS: ATM WITHDRAWAL,4736.21,0.0,-19059.260000000035
01-07-2024,NEFT: SALARY CREDIT,0.0,200000.0,180940.73999999996
02-07-2024,UPI/POS: OLA CABS,177.95,0.0,180762.78999999995
02-07-2024,UPI: RENT,30000.0,0.0,150762.78999999995
02-07-2024,UPI/POS: APOLLO PHARMACY,205.43,0.0,150557.35999999996
03-07-2024,UPI/POS: UPI: MOM,4366.36,0.0,146190.99999999997
05-07-2024,ACH: LOAN EMI,90000.0,0.0,56190.99999999997
05-07-2024,UPI/POS: PRACTO,773.95,0.0,55417.049999999974
08-07-2024,UPI/POS: APOLLO PHARMACY,511.59,0.0,54905.45999999998
10-07-2024,UPI/POS: APOLLO PHARMACY,837.26,0.0,54068.199999999975
10-07-2024,POS: NETFLIX,649.0,0.0,53419.199999999975
10-07-2024,UPI/POS: STARBUCKS,256.42,0.0,53162.77999999998
10-07-2024,UPI/POS: STARBUCKS,303.49,0.0,52859.28999999998
10-07-2024,UPI/POS: UPI: MAID,1625.47,0.0,51233.81999999998
11-07-2024,UPI/POS: UBER,230.75,0.0,51003.06999999998
12-07-2024,ACH: PERSONAL LOAN EMI,30000.0,0.0,21003.069999999978
13-07-2024,UPI/POS: ATM WITHDRAWAL,7053.93,0.0,13949.139999999978
13-07-2024,UPI/POS: ATM WITHDRAWAL,4976.24,0.0,8972.899999999978
17-07-2024,UPI/POS: UPI: MOM,3094.11,0.0,5878.789999999977
18-07-2024,CREDIT CARD BILL,40000.0,0.0,-34121.21000000002
20-07-2024,UPI/POS: INDIAN OIL,2539.44,0.0,-36660.65000000002
26-07-2024,UPI/POS: PRACTO,738.41,0.0,-37399.06000000003
31-07-2024,UPI/POS: INDIAN OIL,1132.88,0.0,-38531.940000000024
01-08-2024,NEFT: SALARY CREDIT,0.0,200000.0,161468.05999999997
02-08-2024,UPI: RENT,30000.0,0.0,131468.05999999997
05-08-2024,ACH: LOAN EMI,90000.0,0.0,41468.05999999997
05-08-2024,UPI/POS: UPI: RAHUL SPLIT,515.88,0.0,40952.17999999997
06-08-2024,UPI/POS: SWIGGY,465.86,0.0,40486.31999999997
06-08-2024,UPI/POS: PRACTO,905.19,0.0,39581.12999999997
08-08-2024,UPI/POS: ATM WITHDRAWAL,8798.95,0.0,30782.179999999968
09-08-2024,UPI/POS: AMAZON,2876.26,0.0,27905.91999999997
10-08-2024,UPI/POS: UPI: RAHUL SPLIT,371.93,0.0,27533.98999999997
10-08-2024,POS: NETFLIX,649.0,0.0,26884.98999999997
12-08-2024,ACH: PERSONAL LOAN EMI,30000.0,0.0,-3115.010000000031
14-08-2024,UPI/POS: BIGBASKET,2978.33,0.0,-6093.340000000031
16-08-2024,UPI/POS: STARBUCKS,348.81,0.0,-6442.1500000000315
17-08-2024,UPI/POS: NAMMA METRO,53.65,0.0,-6495.800000000031
18-08-2024,CREDIT CARD BILL,40000.0,0.0,-46495.80000000003
20-08-2024,UPI/POS: INSTAMART,210.77,0.0,-46706.57000000003
21-08-2024,UPI/POS: APOLLO PHARMACY,310.15,0.0,-47016.72000000003
22-08-2024,UPI/POS: SWIGGY,644.11,0.0,-47660.83000000003
23-08-2024,UPI/POS: UBER,381.33,0.0,-48042.16000000003
24-08-2024,UPI/POS: BIGBASKET,2745.22,0.0,-50787.380000000034
29-08-2024,UPI/POS: D-MART,2527.51,0.0,-53314.890000000036
31-08-2024,UPI/POS: AMAZON,577.64,0.0,-53892.530000000035
01-09-2024,UPI/POS: ATM WITHDRAWAL,7082.85,0.0,-60975.380000000034
01-09-2024,NEFT: SALARY CREDIT,0.0,200000.0,139024.61999999997
02-09-2024,UPI/POS: UBER,306.82,0.0,138717.79999999996
02-09-2024,UPI: RENT,30000.0,0.0,108717.79999999996
05-09-2024,UPI/POS: MYNTRA,3933.99,0.0,104783.80999999995
05-09-2024,ACH: LOAN EMI,90000.0,0.0,14783.809999999954
09-09-2024,UPI/POS: UPI: MOM,2053.44,0.0,12730.369999999954
10-09-2024,POS: NETFLIX,649.0,0.0,12081.369999999954
10-09-2024,UPI/POS: OLA CABS,374.64,0.0,11706.729999999954
12-09-2024,ACH: PERSONAL LOAN EMI,30000.0,0.0,-18293.270000000048
12-09-2024,UPI/POS: D-MART,4179.3,0.0,-22472.570000000047
14-09-2024,UPI/POS: ZOMATO,781.15,0.0,-23253.72000000005
15-09-2024,UPI/POS: STARBUCKS,320.31,0.0,-23574.03000000005
17-09-2024,UPI/POS: INDIAN OIL,2479.62,0.0,-26053.65000000005
18-09-2024,CREDIT CARD BILL,40000.0,0.0,-66053.65000000005
19-09-2024,UPI/POS: D-MART,3973.5,0.0,-70027.15000000005
19-09-2024,UPI/POS: UPI: RAHUL SPLIT,816.0,0.0,-70843.15000000005
23-09-2024,UPI/POS: STARBUCKS,268.27,0.0,-71111.42000000006
24-09-2024,UPI/POS: MYNTRA,1536.33,0.0,-72647.75000000006
30-09-2024,UPI/POS: NAMMA METRO,101.21,0.0,-72748.96000000006
01-10-2024,NEFT: SALARY CREDIT,0.0,200000.0,127251.03999999994
01-10-2024,UPI/POS: STARBUCKS,381.06,0.0,126869.97999999994
02-10-2024,UPI: RENT,30000.0,0.0,96869.97999999994
03-10-2024,UPI/POS: UPI: MOM,4237.0,0.0,92632.97999999994
04-10-2024,UPI/POS: UPI: MAID,2522.9,0.0,90110.07999999994
05-10-2024,ACH: LOAN EMI,90000.0,0.0,110.07999999994354
05-10-2024,UPI/POS: CULT FIT,1500.0,0.0,-1389.9200000000565
06-10-2024,UPI/POS: UBER,233.07,0.0,-1622.9900000000564
08-10-2024,UPI/POS: ZOMATO,506.8,0.0,-2129.7900000000564
09-10-2024,UPI/POS: CULT FIT,1500.0,0.0,-3629.7900000000564
09-10-2024,UPI/POS: AMAZON,2553.46,0.0,-6183.250000000056
10-10-2024,POS: NETFLIX,649.0,0.0,-6832.250000000056
10-10-2024,UPI/POS: AMAZON,1296.67,0.0,-8128.9200000000565
11-10-2024,UPI/POS: UPI: MAID,2687.49,0.0,-10816.410000000056
12-10-2024,ACH: PERSONAL LOAN EMI,30000.0,0.0,-40816.410000000054
13-10-2024,UPI/POS: STARBUCKS,410.72,0.0,-41227.130000000056
14-10-2024,UPI/POS: ZOMATO,696.68,0.0,-41923.810000000056
14-10-2024,UPI/POS: INSTAMART,857.16,0.0,-42780.97000000006
18-10-2024,CREDIT CARD BILL,40000.0,0.0,-82780.97000000006
23-10-2024,UPI/POS: ZOMATO,712.63,0.0,-83493.60000000006
29-10-2024,UPI/POS: SWIGGY,345.12,0.0,-83838.72000000006
01-11-2024,UPI/POS: INDIAN OIL,2333.27,0.0,-86171.99000000006
01-11-2024,UPI/POS: INDIAN OIL,1994.25,0.0,-88166.24000000006
01-11-2024,NEFT: SALARY CREDIT,0.0,200000.0,111833.75999999994
02-11-2024,UPI: RENT,30000.0,0.0,81833.75999999994
03-11-2024,UPI/POS: APOLLO PHARMACY,756.57,0.0,81077.18999999993
05-11-2024,UPI/POS: INDIAN OIL,1376.53,0.0,79700.65999999993
05-11-2024,UPI/POS: UPI: MOM,2323.87,0.0,77376.78999999994
05-11-2024,UPI/POS: INDIAN OIL,2245.89,0.0,75130.89999999994
05-11-2024,ACH: LOAN EMI,90000.0,0.0,-14869.100000000064
06-11-2024,UPI/POS: CULT FIT,1500.0,0.0,-16369.100000000064
06-11-2024,UPI/POS: UPI: RAHUL SPLIT,623.31,0.0,-16992.410000000065
09-11-2024,UPI/POS: UPI: MAID,1884.71,0.0,-18877.120000000064
10-11-2024,POS: NETFLIX,649.0,0.0,-19526.120000000064
12-11-2024,ACH: PERSONAL LOAN EMI,30000.0,0.0,-49526.12000000007
14-11-2024,UPI/POS: UPI: MOM,3282.06,0.0,-52808.180000000066
15-11-2024,UPI/POS: UPI: MAID,2613.79,0.0,-55421.97000000007
18-11-2024,CREDIT CARD BILL,40000.0,0.0,-95421.97000000006
21-11-2024,UPI/POS: UPI: RAHUL SPLIT,759.41,0.0,-96181.38000000006
24-11-2024,UPI/POS: NAMMA METRO,159.73,0.0,-96341.11000000006
24-11-2024,UPI/POS: PRACTO,874.19,0.0,-97215.30000000006
01-12-2024,UPI/POS: ATM WITHDRAWAL,9706.78,0.0,-106922.08000000006
01-12-2024,UPI/POS: AMAZON,1361.18,0.0,-108283.26000000005
02-12-2024,UPI/POS: D-MART,2669.73,0.0,-110952.99000000005
03-12-2024,UPI/POS: PRACTO,933.53,0.0,-111886.52000000005
09-12-2024,UPI/POS: ZOMATO,597.5,0.0,-112484.02000000005
11-12-2024,UPI/POS: AMAZON,2874.86,0.0,-115358.88000000005
12-12-2024,UPI/POS: ATM WITHDRAWAL,6086.33,0.0,-121445.21000000005
15-12-2024,UPI/POS: MCDONALDS,216.2,0.0,-121661.41000000005
16-12-2024,UPI/POS: CULT FIT,1500.0,0.0,-123161.41000000005
19-12-2024,UPI/POS: UPI: MAID,2986.59,0.0,-126148.00000000004
20-12-2024,UPI/POS: MYNTRA,2281.16,0.0,-128429.16000000005
22-12-2024,UPI/POS: BLINKIT,659.35,0.0,-129088.51000000005
23-12-2024,UPI/POS: UPI: MOM,3391.54,0.0,-132480.05000000005
24-12-2024,UPI/POS: MYNTRA,2905.85,0.0,-135385.90000000005
24-12-2024,UPI/POS: UPI: RAHUL SPLIT,788.31,0.0,-136174.21000000005
